<?xml version='1.0' encoding='ISO-8859-1' ?>
<File Type='Resource' Version='4.1.0'>
<Resources>
<Font Id='1' Size ='11' FaceName='Arial' Weight='400' Bold='False' Italic='False' Underline='False' Strike='False' />
<Font Id='2' Size ='16' FaceName='Arial' Weight='400' Bold='False' Italic='False' Underline='False' Strike='False' />
<Font Id='3' Size ='21' FaceName='Arial' Weight='400' Bold='False' Italic='False' Underline='False' Strike='False' />
<Font Id='4' Size ='19' FaceName='Arial' Weight='400' Bold='False' Italic='False' Underline='False' Strike='False' />
<Text Id='1'>Mute
On</Text>
<Text Id='2'>Mute
Off</Text>
<Text Id='3'>LED
Off</Text>
<Text Id='4'>Poll</Text>
<Text Id='5'>Button Press
(Feedback Only)</Text>
<Text Id='6'>All</Text>
<Text Id='7'>1</Text>
<Text Id='8'>2</Text>
<Text Id='9'>3</Text>
<Text Id='10'>4</Text>
<Text Id='11'>8</Text>
<Text Id='12'>7</Text>
<Text Id='13'>6</Text>
<Text Id='14'>5</Text>
<Text Id='15'>PCI Interface
#1</Text>
<Text Id='16'>PCI Interface
#2</Text>
<Text Id='17'>PCI Interface
#3</Text>
<Text Id='18'>Disable
Presses</Text>
<Text Id='19'>Enable
Presses</Text>
<Image Id='1' Native='False' Path='off.png' Format='png'>
<Size Units='Pixels' Width='126' Height='105' />
</Image>
<Image Id='2' Native='False' Path='green.png' Format='png'>
<Size Units='Pixels' Width='126' Height='105' />
</Image>
<Image Id='3' Native='False' Path='red.png' Format='png'>
<Size Units='Pixels' Width='126' Height='105' />
</Image>
<Image Id='4' Native='False' Path='rec_100x40_00.png' Format='png'>
<Size Units='Pixels' Width='100' Height='40' />
</Image>
<Image Id='5' Native='False' Path='rec_100x40_01.png' Format='png'>
<Size Units='Pixels' Width='100' Height='40' />
</Image>
<Image Id='6' Native='False' Path='rrc_140x50_01.png' Format='png'>
<Size Units='Pixels' Width='140' Height='50' />
</Image>
<Image Id='7' Native='False' Path='rrc_140x50_00.png' Format='png'>
<Size Units='Pixels' Width='140' Height='50' />
</Image>
</Resources>
</File>
