<?xml version='1.0' encoding='ISO-8859-1' ?>
<File Type='Page' Version='4.1.0'>
<Control Type='Page' Name='PCI #2' Transition='65535' TransitionDuration='-1'>
<Position Units='Pixels' X='0' Y='0' />
<Size Units='Pixels' Width='1024' Height='748' />
<VisualStyles>
<VisualStyle>
<Background>
<Color  R='1' G='1' B='1' A='1' />
</Background>
</VisualStyle>
</VisualStyles>
<Control Type='Button' Name='Animation' KeyClick='False'>
<Position Units='Pixels' X='49' Y='128' />
<Size Units='Pixels' Width='126' Height='105' />
<VisualStyles>
<VisualStyle  Mode='0' State='0'>
<Image Id='1' Alpha='1' />
</VisualStyle>
<VisualStyle  Mode='1' State='0'>
<Image Id='2' Alpha='1' />
</VisualStyle>
<VisualStyle  Mode='2' State='0'>
<Image Id='3' Alpha='1' />
</VisualStyle>
</VisualStyles>
<Bindings>
<Binding Id='111' Type='Analog' Property='Mode'/>
</Bindings>
</Control>
<Control Type='Button' Name='Button'>
<Position Units='Pixels' X='49' Y='108' />
<Size Units='Pixels' Width='126' Height='125' />
<VisualStyles>
<VisualStyle State='0' Mode='0'>
<Face Type='2D'>
<Color  R='1' G='1' B='1' A='0' />
</Face>
<Text Id='7' FontId='3' Alignment='TopLeft' Wrap='False'>
<Color  R='0' G='0' B='0' A='1' />
</Text>
</VisualStyle>
<VisualStyle State='1' Mode='0'>
<Face Type='2D'>
<Color  R='1' G='1' B='1' A='0' />
</Face>
<Text Id='7' FontId='3' Alignment='TopLeft' Wrap='False'>
<Color  R='0' G='0' B='0' A='1' />
</Text>
</VisualStyle>
</VisualStyles>
<Bindings>
<Binding Id='113' Type='Digital' Property='State'/>
</Bindings>
<Commands>
<Command Action='TouchDown' Id='113' Type='Digital' Value='True' />
<Command Action='TouchUp' Id='113' Type='Digital' Value='False' />
</Commands>
</Control>
<Control Type='Button' Name='Button'>
<Position Units='Pixels' X='9' Y='238' />
<Size Units='Pixels' Width='100' Height='42' />
<VisualStyles>
<VisualStyle State='0' Mode='0'>
<Face Type='2D'>
<Color  R='1' G='1' B='1' A='1' />
</Face>
<Image Id='4' Alpha='1' />
<Text Id='1' FontId='1' Alignment='CenterCenter' Wrap='False'>
<Color  R='0' G='0' B='0' A='1' />
</Text>
</VisualStyle>
<VisualStyle State='1' Mode='0'>
<Face Type='2D'>
<Color  R='0.501961' G='0.501961' B='0.501961' A='1' />
</Face>
<Image Id='5' Alpha='1' />
<Text Id='1' FontId='1' Alignment='CenterCenter' Wrap='False'>
<Color  R='0' G='0' B='1' A='1' />
</Text>
</VisualStyle>
</VisualStyles>
<Bindings>
<Binding Id='111' Type='Digital' Property='State'/>
</Bindings>
<Commands>
<Command Action='TouchDown' Id='111' Type='Digital' Value='True' />
<Command Action='TouchUp' Id='111' Type='Digital' Value='False' />
</Commands>
</Control>
<Control Type='Button' Name='Button'>
<Position Units='Pixels' X='115' Y='238' />
<Size Units='Pixels' Width='100' Height='42' />
<VisualStyles>
<VisualStyle State='0' Mode='0'>
<Face Type='2D'>
<Color  R='1' G='1' B='1' A='1' />
</Face>
<Image Id='4' Alpha='1' />
<Text Id='2' FontId='1' Alignment='CenterCenter' Wrap='False'>
<Color  R='0' G='0' B='0' A='1' />
</Text>
</VisualStyle>
<VisualStyle State='1' Mode='0'>
<Face Type='2D'>
<Color  R='0.501961' G='0.501961' B='0.501961' A='1' />
</Face>
<Image Id='5' Alpha='1' />
<Text Id='2' FontId='1' Alignment='CenterCenter' Wrap='False'>
<Color  R='0' G='0' B='1' A='1' />
</Text>
</VisualStyle>
</VisualStyles>
<Bindings>
<Binding Id='112' Type='Digital' Property='State'/>
</Bindings>
<Commands>
<Command Action='TouchDown' Id='112' Type='Digital' Value='True' />
<Command Action='TouchUp' Id='112' Type='Digital' Value='False' />
</Commands>
</Control>
<Control Type='Button' Name='Button'>
<Position Units='Pixels' X='63' Y='284' />
<Size Units='Pixels' Width='100' Height='42' />
<VisualStyles>
<VisualStyle State='0' Mode='0'>
<Face Type='2D'>
<Color  R='1' G='1' B='1' A='1' />
</Face>
<Image Id='4' Alpha='1' />
<Text Id='3' FontId='1' Alignment='CenterCenter' Wrap='False'>
<Color  R='0' G='0' B='0' A='1' />
</Text>
</VisualStyle>
<VisualStyle State='1' Mode='0'>
<Face Type='2D'>
<Color  R='0.501961' G='0.501961' B='0.501961' A='1' />
</Face>
<Image Id='5' Alpha='1' />
<Text Id='3' FontId='1' Alignment='CenterCenter' Wrap='False'>
<Color  R='0' G='0' B='1' A='1' />
</Text>
</VisualStyle>
</VisualStyles>
<Bindings>
<Binding Id='114' Type='Digital' Property='State'/>
</Bindings>
<Commands>
<Command Action='TouchDown' Id='114' Type='Digital' Value='True' />
<Command Action='TouchUp' Id='114' Type='Digital' Value='False' />
</Commands>
</Control>
<Control Type='Button' Name='Button'>
<Position Units='Pixels' X='11' Y='330' />
<Size Units='Pixels' Width='100' Height='42' />
<VisualStyles>
<VisualStyle State='0' Mode='0'>
<Face Type='2D'>
<Color  R='1' G='1' B='1' A='1' />
</Face>
<Image Id='4' Alpha='1' />
<Text Id='4' FontId='1' Alignment='CenterCenter' Wrap='False'>
<Color  R='0' G='0' B='0' A='1' />
</Text>
</VisualStyle>
<VisualStyle State='1' Mode='0'>
<Face Type='2D'>
<Color  R='0.501961' G='0.501961' B='0.501961' A='1' />
</Face>
<Image Id='5' Alpha='1' />
<Text Id='4' FontId='1' Alignment='CenterCenter' Wrap='False'>
<Color  R='0' G='0' B='1' A='1' />
</Text>
</VisualStyle>
</VisualStyles>
<Bindings>
<Binding Id='117' Type='Digital' Property='State'/>
</Bindings>
<Commands>
<Command Action='TouchDown' Id='117' Type='Digital' Value='True' />
<Command Action='TouchUp' Id='117' Type='Digital' Value='False' />
</Commands>
</Control>
<Control Type='Button' Name='Button'>
<Position Units='Pixels' X='115' Y='330' />
<Size Units='Pixels' Width='100' Height='42' />
<VisualStyles>
<VisualStyle State='0' Mode='0'>
<Face Type='2D'>
<Color  R='1' G='1' B='1' A='1' />
</Face>
<Image Id='4' Alpha='1' />
<Text Id='5' FontId='1' Alignment='CenterCenter' Wrap='False'>
<Color  R='0' G='0' B='0' A='1' />
</Text>
</VisualStyle>
<VisualStyle State='1' Mode='0'>
<Face Type='2D'>
<Color  R='0.501961' G='0.501961' B='0.501961' A='1' />
</Face>
<Image Id='5' Alpha='1' />
<Text Id='5' FontId='1' Alignment='CenterCenter' Wrap='False'>
<Color  R='0' G='0' B='1' A='1' />
</Text>
</VisualStyle>
</VisualStyles>
<Bindings>
<Binding Id='118' Type='Digital' Property='State'/>
</Bindings>
<Commands>
<Command Action='TouchDown' Id='118' Type='Digital' Value='True' />
<Command Action='TouchUp' Id='118' Type='Digital' Value='False' />
</Commands>
</Control>
<Control Type='Button' Name='Button'>
<Position Units='Pixels' X='240' Y='238' />
<Size Units='Pixels' Width='100' Height='42' />
<VisualStyles>
<VisualStyle State='0' Mode='0'>
<Face Type='2D'>
<Color  R='1' G='1' B='1' A='1' />
</Face>
<Image Id='4' Alpha='1' />
<Text Id='1' FontId='1' Alignment='CenterCenter' Wrap='False'>
<Color  R='0' G='0' B='0' A='1' />
</Text>
</VisualStyle>
<VisualStyle State='1' Mode='0'>
<Face Type='2D'>
<Color  R='0.501961' G='0.501961' B='0.501961' A='1' />
</Face>
<Image Id='5' Alpha='1' />
<Text Id='1' FontId='1' Alignment='CenterCenter' Wrap='False'>
<Color  R='0' G='0' B='1' A='1' />
</Text>
</VisualStyle>
</VisualStyles>
<Bindings>
<Binding Id='121' Type='Digital' Property='State'/>
</Bindings>
<Commands>
<Command Action='TouchDown' Id='121' Type='Digital' Value='True' />
<Command Action='TouchUp' Id='121' Type='Digital' Value='False' />
</Commands>
</Control>
<Control Type='Button' Name='Button'>
<Position Units='Pixels' X='346' Y='238' />
<Size Units='Pixels' Width='100' Height='42' />
<VisualStyles>
<VisualStyle State='0' Mode='0'>
<Face Type='2D'>
<Color  R='1' G='1' B='1' A='1' />
</Face>
<Image Id='4' Alpha='1' />
<Text Id='2' FontId='1' Alignment='CenterCenter' Wrap='False'>
<Color  R='0' G='0' B='0' A='1' />
</Text>
</VisualStyle>
<VisualStyle State='1' Mode='0'>
<Face Type='2D'>
<Color  R='0.501961' G='0.501961' B='0.501961' A='1' />
</Face>
<Image Id='5' Alpha='1' />
<Text Id='2' FontId='1' Alignment='CenterCenter' Wrap='False'>
<Color  R='0' G='0' B='1' A='1' />
</Text>
</VisualStyle>
</VisualStyles>
<Bindings>
<Binding Id='122' Type='Digital' Property='State'/>
</Bindings>
<Commands>
<Command Action='TouchDown' Id='122' Type='Digital' Value='True' />
<Command Action='TouchUp' Id='122' Type='Digital' Value='False' />
</Commands>
</Control>
<Control Type='Button' Name='Button'>
<Position Units='Pixels' X='294' Y='284' />
<Size Units='Pixels' Width='100' Height='42' />
<VisualStyles>
<VisualStyle State='0' Mode='0'>
<Face Type='2D'>
<Color  R='1' G='1' B='1' A='1' />
</Face>
<Image Id='4' Alpha='1' />
<Text Id='3' FontId='1' Alignment='CenterCenter' Wrap='False'>
<Color  R='0' G='0' B='0' A='1' />
</Text>
</VisualStyle>
<VisualStyle State='1' Mode='0'>
<Face Type='2D'>
<Color  R='0.501961' G='0.501961' B='0.501961' A='1' />
</Face>
<Image Id='5' Alpha='1' />
<Text Id='3' FontId='1' Alignment='CenterCenter' Wrap='False'>
<Color  R='0' G='0' B='1' A='1' />
</Text>
</VisualStyle>
</VisualStyles>
<Bindings>
<Binding Id='124' Type='Digital' Property='State'/>
</Bindings>
<Commands>
<Command Action='TouchDown' Id='124' Type='Digital' Value='True' />
<Command Action='TouchUp' Id='124' Type='Digital' Value='False' />
</Commands>
</Control>
<Control Type='Button' Name='Button'>
<Position Units='Pixels' X='242' Y='330' />
<Size Units='Pixels' Width='100' Height='42' />
<VisualStyles>
<VisualStyle State='0' Mode='0'>
<Face Type='2D'>
<Color  R='1' G='1' B='1' A='1' />
</Face>
<Image Id='4' Alpha='1' />
<Text Id='4' FontId='1' Alignment='CenterCenter' Wrap='False'>
<Color  R='0' G='0' B='0' A='1' />
</Text>
</VisualStyle>
<VisualStyle State='1' Mode='0'>
<Face Type='2D'>
<Color  R='0.501961' G='0.501961' B='0.501961' A='1' />
</Face>
<Image Id='5' Alpha='1' />
<Text Id='4' FontId='1' Alignment='CenterCenter' Wrap='False'>
<Color  R='0' G='0' B='1' A='1' />
</Text>
</VisualStyle>
</VisualStyles>
<Bindings>
<Binding Id='127' Type='Digital' Property='State'/>
</Bindings>
<Commands>
<Command Action='TouchDown' Id='127' Type='Digital' Value='True' />
<Command Action='TouchUp' Id='127' Type='Digital' Value='False' />
</Commands>
</Control>
<Control Type='Button' Name='Button'>
<Position Units='Pixels' X='346' Y='330' />
<Size Units='Pixels' Width='100' Height='42' />
<VisualStyles>
<VisualStyle State='0' Mode='0'>
<Face Type='2D'>
<Color  R='1' G='1' B='1' A='1' />
</Face>
<Image Id='4' Alpha='1' />
<Text Id='5' FontId='1' Alignment='CenterCenter' Wrap='False'>
<Color  R='0' G='0' B='0' A='1' />
</Text>
</VisualStyle>
<VisualStyle State='1' Mode='0'>
<Face Type='2D'>
<Color  R='0.501961' G='0.501961' B='0.501961' A='1' />
</Face>
<Image Id='5' Alpha='1' />
<Text Id='5' FontId='1' Alignment='CenterCenter' Wrap='False'>
<Color  R='0' G='0' B='1' A='1' />
</Text>
</VisualStyle>
</VisualStyles>
<Bindings>
<Binding Id='128' Type='Digital' Property='State'/>
</Bindings>
<Commands>
<Command Action='TouchDown' Id='128' Type='Digital' Value='True' />
<Command Action='TouchUp' Id='128' Type='Digital' Value='False' />
</Commands>
</Control>
<Control Type='Button' Name='Button'>
<Position Units='Pixels' X='466' Y='238' />
<Size Units='Pixels' Width='100' Height='42' />
<VisualStyles>
<VisualStyle State='0' Mode='0'>
<Face Type='2D'>
<Color  R='1' G='1' B='1' A='1' />
</Face>
<Image Id='4' Alpha='1' />
<Text Id='1' FontId='1' Alignment='CenterCenter' Wrap='False'>
<Color  R='0' G='0' B='0' A='1' />
</Text>
</VisualStyle>
<VisualStyle State='1' Mode='0'>
<Face Type='2D'>
<Color  R='0.501961' G='0.501961' B='0.501961' A='1' />
</Face>
<Image Id='5' Alpha='1' />
<Text Id='1' FontId='1' Alignment='CenterCenter' Wrap='False'>
<Color  R='0' G='0' B='1' A='1' />
</Text>
</VisualStyle>
</VisualStyles>
<Bindings>
<Binding Id='131' Type='Digital' Property='State'/>
</Bindings>
<Commands>
<Command Action='TouchDown' Id='131' Type='Digital' Value='True' />
<Command Action='TouchUp' Id='131' Type='Digital' Value='False' />
</Commands>
</Control>
<Control Type='Button' Name='Button'>
<Position Units='Pixels' X='572' Y='238' />
<Size Units='Pixels' Width='100' Height='42' />
<VisualStyles>
<VisualStyle State='0' Mode='0'>
<Face Type='2D'>
<Color  R='1' G='1' B='1' A='1' />
</Face>
<Image Id='4' Alpha='1' />
<Text Id='2' FontId='1' Alignment='CenterCenter' Wrap='False'>
<Color  R='0' G='0' B='0' A='1' />
</Text>
</VisualStyle>
<VisualStyle State='1' Mode='0'>
<Face Type='2D'>
<Color  R='0.501961' G='0.501961' B='0.501961' A='1' />
</Face>
<Image Id='5' Alpha='1' />
<Text Id='2' FontId='1' Alignment='CenterCenter' Wrap='False'>
<Color  R='0' G='0' B='1' A='1' />
</Text>
</VisualStyle>
</VisualStyles>
<Bindings>
<Binding Id='132' Type='Digital' Property='State'/>
</Bindings>
<Commands>
<Command Action='TouchDown' Id='132' Type='Digital' Value='True' />
<Command Action='TouchUp' Id='132' Type='Digital' Value='False' />
</Commands>
</Control>
<Control Type='Button' Name='Button'>
<Position Units='Pixels' X='520' Y='284' />
<Size Units='Pixels' Width='100' Height='42' />
<VisualStyles>
<VisualStyle State='0' Mode='0'>
<Face Type='2D'>
<Color  R='1' G='1' B='1' A='1' />
</Face>
<Image Id='4' Alpha='1' />
<Text Id='3' FontId='1' Alignment='CenterCenter' Wrap='False'>
<Color  R='0' G='0' B='0' A='1' />
</Text>
</VisualStyle>
<VisualStyle State='1' Mode='0'>
<Face Type='2D'>
<Color  R='0.501961' G='0.501961' B='0.501961' A='1' />
</Face>
<Image Id='5' Alpha='1' />
<Text Id='3' FontId='1' Alignment='CenterCenter' Wrap='False'>
<Color  R='0' G='0' B='1' A='1' />
</Text>
</VisualStyle>
</VisualStyles>
<Bindings>
<Binding Id='134' Type='Digital' Property='State'/>
</Bindings>
<Commands>
<Command Action='TouchDown' Id='134' Type='Digital' Value='True' />
<Command Action='TouchUp' Id='134' Type='Digital' Value='False' />
</Commands>
</Control>
<Control Type='Button' Name='Button'>
<Position Units='Pixels' X='468' Y='330' />
<Size Units='Pixels' Width='100' Height='42' />
<VisualStyles>
<VisualStyle State='0' Mode='0'>
<Face Type='2D'>
<Color  R='1' G='1' B='1' A='1' />
</Face>
<Image Id='4' Alpha='1' />
<Text Id='4' FontId='1' Alignment='CenterCenter' Wrap='False'>
<Color  R='0' G='0' B='0' A='1' />
</Text>
</VisualStyle>
<VisualStyle State='1' Mode='0'>
<Face Type='2D'>
<Color  R='0.501961' G='0.501961' B='0.501961' A='1' />
</Face>
<Image Id='5' Alpha='1' />
<Text Id='4' FontId='1' Alignment='CenterCenter' Wrap='False'>
<Color  R='0' G='0' B='1' A='1' />
</Text>
</VisualStyle>
</VisualStyles>
<Bindings>
<Binding Id='137' Type='Digital' Property='State'/>
</Bindings>
<Commands>
<Command Action='TouchDown' Id='137' Type='Digital' Value='True' />
<Command Action='TouchUp' Id='137' Type='Digital' Value='False' />
</Commands>
</Control>
<Control Type='Button' Name='Button'>
<Position Units='Pixels' X='572' Y='330' />
<Size Units='Pixels' Width='100' Height='42' />
<VisualStyles>
<VisualStyle State='0' Mode='0'>
<Face Type='2D'>
<Color  R='1' G='1' B='1' A='1' />
</Face>
<Image Id='4' Alpha='1' />
<Text Id='5' FontId='1' Alignment='CenterCenter' Wrap='False'>
<Color  R='0' G='0' B='0' A='1' />
</Text>
</VisualStyle>
<VisualStyle State='1' Mode='0'>
<Face Type='2D'>
<Color  R='0.501961' G='0.501961' B='0.501961' A='1' />
</Face>
<Image Id='5' Alpha='1' />
<Text Id='5' FontId='1' Alignment='CenterCenter' Wrap='False'>
<Color  R='0' G='0' B='1' A='1' />
</Text>
</VisualStyle>
</VisualStyles>
<Bindings>
<Binding Id='138' Type='Digital' Property='State'/>
</Bindings>
<Commands>
<Command Action='TouchDown' Id='138' Type='Digital' Value='True' />
<Command Action='TouchUp' Id='138' Type='Digital' Value='False' />
</Commands>
</Control>
<Control Type='Button' Name='Button'>
<Position Units='Pixels' X='690' Y='238' />
<Size Units='Pixels' Width='100' Height='42' />
<VisualStyles>
<VisualStyle State='0' Mode='0'>
<Face Type='2D'>
<Color  R='1' G='1' B='1' A='1' />
</Face>
<Image Id='4' Alpha='1' />
<Text Id='1' FontId='1' Alignment='CenterCenter' Wrap='False'>
<Color  R='0' G='0' B='0' A='1' />
</Text>
</VisualStyle>
<VisualStyle State='1' Mode='0'>
<Face Type='2D'>
<Color  R='0.501961' G='0.501961' B='0.501961' A='1' />
</Face>
<Image Id='5' Alpha='1' />
<Text Id='1' FontId='1' Alignment='CenterCenter' Wrap='False'>
<Color  R='0' G='0' B='1' A='1' />
</Text>
</VisualStyle>
</VisualStyles>
<Bindings>
<Binding Id='141' Type='Digital' Property='State'/>
</Bindings>
<Commands>
<Command Action='TouchDown' Id='141' Type='Digital' Value='True' />
<Command Action='TouchUp' Id='141' Type='Digital' Value='False' />
</Commands>
</Control>
<Control Type='Button' Name='Button'>
<Position Units='Pixels' X='796' Y='238' />
<Size Units='Pixels' Width='100' Height='42' />
<VisualStyles>
<VisualStyle State='0' Mode='0'>
<Face Type='2D'>
<Color  R='1' G='1' B='1' A='1' />
</Face>
<Image Id='4' Alpha='1' />
<Text Id='2' FontId='1' Alignment='CenterCenter' Wrap='False'>
<Color  R='0' G='0' B='0' A='1' />
</Text>
</VisualStyle>
<VisualStyle State='1' Mode='0'>
<Face Type='2D'>
<Color  R='0.501961' G='0.501961' B='0.501961' A='1' />
</Face>
<Image Id='5' Alpha='1' />
<Text Id='2' FontId='1' Alignment='CenterCenter' Wrap='False'>
<Color  R='0' G='0' B='1' A='1' />
</Text>
</VisualStyle>
</VisualStyles>
<Bindings>
<Binding Id='142' Type='Digital' Property='State'/>
</Bindings>
<Commands>
<Command Action='TouchDown' Id='142' Type='Digital' Value='True' />
<Command Action='TouchUp' Id='142' Type='Digital' Value='False' />
</Commands>
</Control>
<Control Type='Button' Name='Button'>
<Position Units='Pixels' X='744' Y='284' />
<Size Units='Pixels' Width='100' Height='42' />
<VisualStyles>
<VisualStyle State='0' Mode='0'>
<Face Type='2D'>
<Color  R='1' G='1' B='1' A='1' />
</Face>
<Image Id='4' Alpha='1' />
<Text Id='3' FontId='1' Alignment='CenterCenter' Wrap='False'>
<Color  R='0' G='0' B='0' A='1' />
</Text>
</VisualStyle>
<VisualStyle State='1' Mode='0'>
<Face Type='2D'>
<Color  R='0.501961' G='0.501961' B='0.501961' A='1' />
</Face>
<Image Id='5' Alpha='1' />
<Text Id='3' FontId='1' Alignment='CenterCenter' Wrap='False'>
<Color  R='0' G='0' B='1' A='1' />
</Text>
</VisualStyle>
</VisualStyles>
<Bindings>
<Binding Id='144' Type='Digital' Property='State'/>
</Bindings>
<Commands>
<Command Action='TouchDown' Id='144' Type='Digital' Value='True' />
<Command Action='TouchUp' Id='144' Type='Digital' Value='False' />
</Commands>
</Control>
<Control Type='Button' Name='Button'>
<Position Units='Pixels' X='692' Y='330' />
<Size Units='Pixels' Width='100' Height='42' />
<VisualStyles>
<VisualStyle State='0' Mode='0'>
<Face Type='2D'>
<Color  R='1' G='1' B='1' A='1' />
</Face>
<Image Id='4' Alpha='1' />
<Text Id='4' FontId='1' Alignment='CenterCenter' Wrap='False'>
<Color  R='0' G='0' B='0' A='1' />
</Text>
</VisualStyle>
<VisualStyle State='1' Mode='0'>
<Face Type='2D'>
<Color  R='0.501961' G='0.501961' B='0.501961' A='1' />
</Face>
<Image Id='5' Alpha='1' />
<Text Id='4' FontId='1' Alignment='CenterCenter' Wrap='False'>
<Color  R='0' G='0' B='1' A='1' />
</Text>
</VisualStyle>
</VisualStyles>
<Bindings>
<Binding Id='147' Type='Digital' Property='State'/>
</Bindings>
<Commands>
<Command Action='TouchDown' Id='147' Type='Digital' Value='True' />
<Command Action='TouchUp' Id='147' Type='Digital' Value='False' />
</Commands>
</Control>
<Control Type='Button' Name='Button'>
<Position Units='Pixels' X='796' Y='330' />
<Size Units='Pixels' Width='100' Height='42' />
<VisualStyles>
<VisualStyle State='0' Mode='0'>
<Face Type='2D'>
<Color  R='1' G='1' B='1' A='1' />
</Face>
<Image Id='4' Alpha='1' />
<Text Id='5' FontId='1' Alignment='CenterCenter' Wrap='False'>
<Color  R='0' G='0' B='0' A='1' />
</Text>
</VisualStyle>
<VisualStyle State='1' Mode='0'>
<Face Type='2D'>
<Color  R='0.501961' G='0.501961' B='0.501961' A='1' />
</Face>
<Image Id='5' Alpha='1' />
<Text Id='5' FontId='1' Alignment='CenterCenter' Wrap='False'>
<Color  R='0' G='0' B='1' A='1' />
</Text>
</VisualStyle>
</VisualStyles>
<Bindings>
<Binding Id='148' Type='Digital' Property='State'/>
</Bindings>
<Commands>
<Command Action='TouchDown' Id='148' Type='Digital' Value='True' />
<Command Action='TouchUp' Id='148' Type='Digital' Value='False' />
</Commands>
</Control>
<Control Type='Button' Name='Animation' KeyClick='False'>
<Position Units='Pixels' X='282' Y='128' />
<Size Units='Pixels' Width='126' Height='105' />
<VisualStyles>
<VisualStyle  Mode='0' State='0'>
<Image Id='1' Alpha='1' />
</VisualStyle>
<VisualStyle  Mode='1' State='0'>
<Image Id='2' Alpha='1' />
</VisualStyle>
<VisualStyle  Mode='2' State='0'>
<Image Id='3' Alpha='1' />
</VisualStyle>
</VisualStyles>
<Bindings>
<Binding Id='121' Type='Analog' Property='Mode'/>
</Bindings>
</Control>
<Control Type='Button' Name='Button'>
<Position Units='Pixels' X='282' Y='108' />
<Size Units='Pixels' Width='126' Height='125' />
<VisualStyles>
<VisualStyle State='0' Mode='0'>
<Face Type='2D'>
<Color  R='1' G='1' B='1' A='0' />
</Face>
<Text Id='8' FontId='3' Alignment='TopLeft' Wrap='False'>
<Color  R='0' G='0' B='0' A='1' />
</Text>
</VisualStyle>
<VisualStyle State='1' Mode='0'>
<Face Type='2D'>
<Color  R='1' G='1' B='1' A='0' />
</Face>
<Text Id='8' FontId='3' Alignment='TopLeft' Wrap='False'>
<Color  R='0' G='0' B='0' A='1' />
</Text>
</VisualStyle>
</VisualStyles>
<Bindings>
<Binding Id='123' Type='Digital' Property='State'/>
</Bindings>
<Commands>
<Command Action='TouchDown' Id='123' Type='Digital' Value='True' />
<Command Action='TouchUp' Id='123' Type='Digital' Value='False' />
</Commands>
</Control>
<Control Type='Button' Name='Animation' KeyClick='False'>
<Position Units='Pixels' X='508' Y='129' />
<Size Units='Pixels' Width='126' Height='105' />
<VisualStyles>
<VisualStyle  Mode='0' State='0'>
<Image Id='1' Alpha='1' />
</VisualStyle>
<VisualStyle  Mode='1' State='0'>
<Image Id='2' Alpha='1' />
</VisualStyle>
<VisualStyle  Mode='2' State='0'>
<Image Id='3' Alpha='1' />
</VisualStyle>
</VisualStyles>
<Bindings>
<Binding Id='131' Type='Analog' Property='Mode'/>
</Bindings>
</Control>
<Control Type='Button' Name='Button'>
<Position Units='Pixels' X='508' Y='108' />
<Size Units='Pixels' Width='126' Height='125' />
<VisualStyles>
<VisualStyle State='0' Mode='0'>
<Face Type='2D'>
<Color  R='1' G='1' B='1' A='0' />
</Face>
<Text Id='9' FontId='3' Alignment='TopLeft' Wrap='False'>
<Color  R='0' G='0' B='0' A='1' />
</Text>
</VisualStyle>
<VisualStyle State='1' Mode='0'>
<Face Type='2D'>
<Color  R='1' G='1' B='1' A='0' />
</Face>
<Text Id='9' FontId='3' Alignment='TopLeft' Wrap='False'>
<Color  R='0' G='0' B='0' A='1' />
</Text>
</VisualStyle>
</VisualStyles>
<Bindings>
<Binding Id='133' Type='Digital' Property='State'/>
</Bindings>
<Commands>
<Command Action='TouchDown' Id='133' Type='Digital' Value='True' />
<Command Action='TouchUp' Id='133' Type='Digital' Value='False' />
</Commands>
</Control>
<Control Type='Button' Name='Animation' KeyClick='False'>
<Position Units='Pixels' X='730' Y='128' />
<Size Units='Pixels' Width='126' Height='105' />
<VisualStyles>
<VisualStyle  Mode='0' State='0'>
<Image Id='1' Alpha='1' />
</VisualStyle>
<VisualStyle  Mode='1' State='0'>
<Image Id='2' Alpha='1' />
</VisualStyle>
<VisualStyle  Mode='2' State='0'>
<Image Id='3' Alpha='1' />
</VisualStyle>
</VisualStyles>
<Bindings>
<Binding Id='141' Type='Analog' Property='Mode'/>
</Bindings>
</Control>
<Control Type='Button' Name='Button'>
<Position Units='Pixels' X='730' Y='108' />
<Size Units='Pixels' Width='126' Height='125' />
<VisualStyles>
<VisualStyle State='0' Mode='0'>
<Face Type='2D'>
<Color  R='1' G='1' B='1' A='0' />
</Face>
<Text Id='10' FontId='3' Alignment='TopLeft' Wrap='False'>
<Color  R='0' G='0' B='0' A='1' />
</Text>
</VisualStyle>
<VisualStyle State='1' Mode='0'>
<Face Type='2D'>
<Color  R='1' G='1' B='1' A='0' />
</Face>
<Text Id='10' FontId='3' Alignment='TopLeft' Wrap='False'>
<Color  R='0' G='0' B='0' A='1' />
</Text>
</VisualStyle>
</VisualStyles>
<Bindings>
<Binding Id='143' Type='Digital' Property='State'/>
</Bindings>
<Commands>
<Command Action='TouchDown' Id='143' Type='Digital' Value='True' />
<Command Action='TouchUp' Id='143' Type='Digital' Value='False' />
</Commands>
</Control>
<Control Type='Button' Name='Animation' KeyClick='False'>
<Position Units='Pixels' X='49' Y='444' />
<Size Units='Pixels' Width='126' Height='105' />
<VisualStyles>
<VisualStyle  Mode='0' State='0'>
<Image Id='1' Alpha='1' />
</VisualStyle>
<VisualStyle  Mode='1' State='0'>
<Image Id='2' Alpha='1' />
</VisualStyle>
<VisualStyle  Mode='2' State='0'>
<Image Id='3' Alpha='1' />
</VisualStyle>
</VisualStyles>
<Bindings>
<Binding Id='151' Type='Analog' Property='Mode'/>
</Bindings>
</Control>
<Control Type='Button' Name='Button'>
<Position Units='Pixels' X='49' Y='424' />
<Size Units='Pixels' Width='126' Height='125' />
<VisualStyles>
<VisualStyle State='0' Mode='0'>
<Face Type='2D'>
<Color  R='1' G='1' B='1' A='0' />
</Face>
<Text Id='14' FontId='3' Alignment='TopLeft' Wrap='False'>
<Color  R='0' G='0' B='0' A='1' />
</Text>
</VisualStyle>
<VisualStyle State='1' Mode='0'>
<Face Type='2D'>
<Color  R='1' G='1' B='1' A='0' />
</Face>
<Text Id='14' FontId='3' Alignment='TopLeft' Wrap='False'>
<Color  R='0' G='0' B='0' A='1' />
</Text>
</VisualStyle>
</VisualStyles>
<Bindings>
<Binding Id='153' Type='Digital' Property='State'/>
</Bindings>
<Commands>
<Command Action='TouchDown' Id='153' Type='Digital' Value='True' />
<Command Action='TouchUp' Id='153' Type='Digital' Value='False' />
</Commands>
</Control>
<Control Type='Button' Name='Button'>
<Position Units='Pixels' X='9' Y='554' />
<Size Units='Pixels' Width='100' Height='42' />
<VisualStyles>
<VisualStyle State='0' Mode='0'>
<Face Type='2D'>
<Color  R='1' G='1' B='1' A='1' />
</Face>
<Image Id='4' Alpha='1' />
<Text Id='1' FontId='1' Alignment='CenterCenter' Wrap='False'>
<Color  R='0' G='0' B='0' A='1' />
</Text>
</VisualStyle>
<VisualStyle State='1' Mode='0'>
<Face Type='2D'>
<Color  R='0.501961' G='0.501961' B='0.501961' A='1' />
</Face>
<Image Id='5' Alpha='1' />
<Text Id='1' FontId='1' Alignment='CenterCenter' Wrap='False'>
<Color  R='0' G='0' B='1' A='1' />
</Text>
</VisualStyle>
</VisualStyles>
<Bindings>
<Binding Id='151' Type='Digital' Property='State'/>
</Bindings>
<Commands>
<Command Action='TouchDown' Id='151' Type='Digital' Value='True' />
<Command Action='TouchUp' Id='151' Type='Digital' Value='False' />
</Commands>
</Control>
<Control Type='Button' Name='Button'>
<Position Units='Pixels' X='115' Y='554' />
<Size Units='Pixels' Width='100' Height='42' />
<VisualStyles>
<VisualStyle State='0' Mode='0'>
<Face Type='2D'>
<Color  R='1' G='1' B='1' A='1' />
</Face>
<Image Id='4' Alpha='1' />
<Text Id='2' FontId='1' Alignment='CenterCenter' Wrap='False'>
<Color  R='0' G='0' B='0' A='1' />
</Text>
</VisualStyle>
<VisualStyle State='1' Mode='0'>
<Face Type='2D'>
<Color  R='0.501961' G='0.501961' B='0.501961' A='1' />
</Face>
<Image Id='5' Alpha='1' />
<Text Id='2' FontId='1' Alignment='CenterCenter' Wrap='False'>
<Color  R='0' G='0' B='1' A='1' />
</Text>
</VisualStyle>
</VisualStyles>
<Bindings>
<Binding Id='152' Type='Digital' Property='State'/>
</Bindings>
<Commands>
<Command Action='TouchDown' Id='152' Type='Digital' Value='True' />
<Command Action='TouchUp' Id='152' Type='Digital' Value='False' />
</Commands>
</Control>
<Control Type='Button' Name='Button'>
<Position Units='Pixels' X='63' Y='600' />
<Size Units='Pixels' Width='100' Height='42' />
<VisualStyles>
<VisualStyle State='0' Mode='0'>
<Face Type='2D'>
<Color  R='1' G='1' B='1' A='1' />
</Face>
<Image Id='4' Alpha='1' />
<Text Id='3' FontId='1' Alignment='CenterCenter' Wrap='False'>
<Color  R='0' G='0' B='0' A='1' />
</Text>
</VisualStyle>
<VisualStyle State='1' Mode='0'>
<Face Type='2D'>
<Color  R='0.501961' G='0.501961' B='0.501961' A='1' />
</Face>
<Image Id='5' Alpha='1' />
<Text Id='3' FontId='1' Alignment='CenterCenter' Wrap='False'>
<Color  R='0' G='0' B='1' A='1' />
</Text>
</VisualStyle>
</VisualStyles>
<Bindings>
<Binding Id='154' Type='Digital' Property='State'/>
</Bindings>
<Commands>
<Command Action='TouchDown' Id='154' Type='Digital' Value='True' />
<Command Action='TouchUp' Id='154' Type='Digital' Value='False' />
</Commands>
</Control>
<Control Type='Button' Name='Button'>
<Position Units='Pixels' X='11' Y='646' />
<Size Units='Pixels' Width='100' Height='42' />
<VisualStyles>
<VisualStyle State='0' Mode='0'>
<Face Type='2D'>
<Color  R='1' G='1' B='1' A='1' />
</Face>
<Image Id='4' Alpha='1' />
<Text Id='4' FontId='1' Alignment='CenterCenter' Wrap='False'>
<Color  R='0' G='0' B='0' A='1' />
</Text>
</VisualStyle>
<VisualStyle State='1' Mode='0'>
<Face Type='2D'>
<Color  R='0.501961' G='0.501961' B='0.501961' A='1' />
</Face>
<Image Id='5' Alpha='1' />
<Text Id='4' FontId='1' Alignment='CenterCenter' Wrap='False'>
<Color  R='0' G='0' B='1' A='1' />
</Text>
</VisualStyle>
</VisualStyles>
<Bindings>
<Binding Id='157' Type='Digital' Property='State'/>
</Bindings>
<Commands>
<Command Action='TouchDown' Id='157' Type='Digital' Value='True' />
<Command Action='TouchUp' Id='157' Type='Digital' Value='False' />
</Commands>
</Control>
<Control Type='Button' Name='Button'>
<Position Units='Pixels' X='115' Y='646' />
<Size Units='Pixels' Width='100' Height='42' />
<VisualStyles>
<VisualStyle State='0' Mode='0'>
<Face Type='2D'>
<Color  R='1' G='1' B='1' A='1' />
</Face>
<Image Id='4' Alpha='1' />
<Text Id='5' FontId='1' Alignment='CenterCenter' Wrap='False'>
<Color  R='0' G='0' B='0' A='1' />
</Text>
</VisualStyle>
<VisualStyle State='1' Mode='0'>
<Face Type='2D'>
<Color  R='0.501961' G='0.501961' B='0.501961' A='1' />
</Face>
<Image Id='5' Alpha='1' />
<Text Id='5' FontId='1' Alignment='CenterCenter' Wrap='False'>
<Color  R='0' G='0' B='1' A='1' />
</Text>
</VisualStyle>
</VisualStyles>
<Bindings>
<Binding Id='158' Type='Digital' Property='State'/>
</Bindings>
<Commands>
<Command Action='TouchDown' Id='158' Type='Digital' Value='True' />
<Command Action='TouchUp' Id='158' Type='Digital' Value='False' />
</Commands>
</Control>
<Control Type='Button' Name='Button'>
<Position Units='Pixels' X='240' Y='554' />
<Size Units='Pixels' Width='100' Height='42' />
<VisualStyles>
<VisualStyle State='0' Mode='0'>
<Face Type='2D'>
<Color  R='1' G='1' B='1' A='1' />
</Face>
<Image Id='4' Alpha='1' />
<Text Id='1' FontId='1' Alignment='CenterCenter' Wrap='False'>
<Color  R='0' G='0' B='0' A='1' />
</Text>
</VisualStyle>
<VisualStyle State='1' Mode='0'>
<Face Type='2D'>
<Color  R='0.501961' G='0.501961' B='0.501961' A='1' />
</Face>
<Image Id='5' Alpha='1' />
<Text Id='1' FontId='1' Alignment='CenterCenter' Wrap='False'>
<Color  R='0' G='0' B='1' A='1' />
</Text>
</VisualStyle>
</VisualStyles>
<Bindings>
<Binding Id='161' Type='Digital' Property='State'/>
</Bindings>
<Commands>
<Command Action='TouchDown' Id='161' Type='Digital' Value='True' />
<Command Action='TouchUp' Id='161' Type='Digital' Value='False' />
</Commands>
</Control>
<Control Type='Button' Name='Button'>
<Position Units='Pixels' X='346' Y='554' />
<Size Units='Pixels' Width='100' Height='42' />
<VisualStyles>
<VisualStyle State='0' Mode='0'>
<Face Type='2D'>
<Color  R='1' G='1' B='1' A='1' />
</Face>
<Image Id='4' Alpha='1' />
<Text Id='2' FontId='1' Alignment='CenterCenter' Wrap='False'>
<Color  R='0' G='0' B='0' A='1' />
</Text>
</VisualStyle>
<VisualStyle State='1' Mode='0'>
<Face Type='2D'>
<Color  R='0.501961' G='0.501961' B='0.501961' A='1' />
</Face>
<Image Id='5' Alpha='1' />
<Text Id='2' FontId='1' Alignment='CenterCenter' Wrap='False'>
<Color  R='0' G='0' B='1' A='1' />
</Text>
</VisualStyle>
</VisualStyles>
<Bindings>
<Binding Id='162' Type='Digital' Property='State'/>
</Bindings>
<Commands>
<Command Action='TouchDown' Id='162' Type='Digital' Value='True' />
<Command Action='TouchUp' Id='162' Type='Digital' Value='False' />
</Commands>
</Control>
<Control Type='Button' Name='Button'>
<Position Units='Pixels' X='294' Y='600' />
<Size Units='Pixels' Width='100' Height='42' />
<VisualStyles>
<VisualStyle State='0' Mode='0'>
<Face Type='2D'>
<Color  R='1' G='1' B='1' A='1' />
</Face>
<Image Id='4' Alpha='1' />
<Text Id='3' FontId='1' Alignment='CenterCenter' Wrap='False'>
<Color  R='0' G='0' B='0' A='1' />
</Text>
</VisualStyle>
<VisualStyle State='1' Mode='0'>
<Face Type='2D'>
<Color  R='0.501961' G='0.501961' B='0.501961' A='1' />
</Face>
<Image Id='5' Alpha='1' />
<Text Id='3' FontId='1' Alignment='CenterCenter' Wrap='False'>
<Color  R='0' G='0' B='1' A='1' />
</Text>
</VisualStyle>
</VisualStyles>
<Bindings>
<Binding Id='164' Type='Digital' Property='State'/>
</Bindings>
<Commands>
<Command Action='TouchDown' Id='164' Type='Digital' Value='True' />
<Command Action='TouchUp' Id='164' Type='Digital' Value='False' />
</Commands>
</Control>
<Control Type='Button' Name='Button'>
<Position Units='Pixels' X='242' Y='646' />
<Size Units='Pixels' Width='100' Height='42' />
<VisualStyles>
<VisualStyle State='0' Mode='0'>
<Face Type='2D'>
<Color  R='1' G='1' B='1' A='1' />
</Face>
<Image Id='4' Alpha='1' />
<Text Id='4' FontId='1' Alignment='CenterCenter' Wrap='False'>
<Color  R='0' G='0' B='0' A='1' />
</Text>
</VisualStyle>
<VisualStyle State='1' Mode='0'>
<Face Type='2D'>
<Color  R='0.501961' G='0.501961' B='0.501961' A='1' />
</Face>
<Image Id='5' Alpha='1' />
<Text Id='4' FontId='1' Alignment='CenterCenter' Wrap='False'>
<Color  R='0' G='0' B='1' A='1' />
</Text>
</VisualStyle>
</VisualStyles>
<Bindings>
<Binding Id='167' Type='Digital' Property='State'/>
</Bindings>
<Commands>
<Command Action='TouchDown' Id='167' Type='Digital' Value='True' />
<Command Action='TouchUp' Id='167' Type='Digital' Value='False' />
</Commands>
</Control>
<Control Type='Button' Name='Button'>
<Position Units='Pixels' X='346' Y='646' />
<Size Units='Pixels' Width='100' Height='42' />
<VisualStyles>
<VisualStyle State='0' Mode='0'>
<Face Type='2D'>
<Color  R='1' G='1' B='1' A='1' />
</Face>
<Image Id='4' Alpha='1' />
<Text Id='5' FontId='1' Alignment='CenterCenter' Wrap='False'>
<Color  R='0' G='0' B='0' A='1' />
</Text>
</VisualStyle>
<VisualStyle State='1' Mode='0'>
<Face Type='2D'>
<Color  R='0.501961' G='0.501961' B='0.501961' A='1' />
</Face>
<Image Id='5' Alpha='1' />
<Text Id='5' FontId='1' Alignment='CenterCenter' Wrap='False'>
<Color  R='0' G='0' B='1' A='1' />
</Text>
</VisualStyle>
</VisualStyles>
<Bindings>
<Binding Id='168' Type='Digital' Property='State'/>
</Bindings>
<Commands>
<Command Action='TouchDown' Id='168' Type='Digital' Value='True' />
<Command Action='TouchUp' Id='168' Type='Digital' Value='False' />
</Commands>
</Control>
<Control Type='Button' Name='Button'>
<Position Units='Pixels' X='466' Y='554' />
<Size Units='Pixels' Width='100' Height='42' />
<VisualStyles>
<VisualStyle State='0' Mode='0'>
<Face Type='2D'>
<Color  R='1' G='1' B='1' A='1' />
</Face>
<Image Id='4' Alpha='1' />
<Text Id='1' FontId='1' Alignment='CenterCenter' Wrap='False'>
<Color  R='0' G='0' B='0' A='1' />
</Text>
</VisualStyle>
<VisualStyle State='1' Mode='0'>
<Face Type='2D'>
<Color  R='0.501961' G='0.501961' B='0.501961' A='1' />
</Face>
<Image Id='5' Alpha='1' />
<Text Id='1' FontId='1' Alignment='CenterCenter' Wrap='False'>
<Color  R='0' G='0' B='1' A='1' />
</Text>
</VisualStyle>
</VisualStyles>
<Bindings>
<Binding Id='171' Type='Digital' Property='State'/>
</Bindings>
<Commands>
<Command Action='TouchDown' Id='171' Type='Digital' Value='True' />
<Command Action='TouchUp' Id='171' Type='Digital' Value='False' />
</Commands>
</Control>
<Control Type='Button' Name='Button'>
<Position Units='Pixels' X='572' Y='554' />
<Size Units='Pixels' Width='100' Height='42' />
<VisualStyles>
<VisualStyle State='0' Mode='0'>
<Face Type='2D'>
<Color  R='1' G='1' B='1' A='1' />
</Face>
<Image Id='4' Alpha='1' />
<Text Id='2' FontId='1' Alignment='CenterCenter' Wrap='False'>
<Color  R='0' G='0' B='0' A='1' />
</Text>
</VisualStyle>
<VisualStyle State='1' Mode='0'>
<Face Type='2D'>
<Color  R='0.501961' G='0.501961' B='0.501961' A='1' />
</Face>
<Image Id='5' Alpha='1' />
<Text Id='2' FontId='1' Alignment='CenterCenter' Wrap='False'>
<Color  R='0' G='0' B='1' A='1' />
</Text>
</VisualStyle>
</VisualStyles>
<Bindings>
<Binding Id='172' Type='Digital' Property='State'/>
</Bindings>
<Commands>
<Command Action='TouchDown' Id='172' Type='Digital' Value='True' />
<Command Action='TouchUp' Id='172' Type='Digital' Value='False' />
</Commands>
</Control>
<Control Type='Button' Name='Button'>
<Position Units='Pixels' X='520' Y='600' />
<Size Units='Pixels' Width='100' Height='42' />
<VisualStyles>
<VisualStyle State='0' Mode='0'>
<Face Type='2D'>
<Color  R='1' G='1' B='1' A='1' />
</Face>
<Image Id='4' Alpha='1' />
<Text Id='3' FontId='1' Alignment='CenterCenter' Wrap='False'>
<Color  R='0' G='0' B='0' A='1' />
</Text>
</VisualStyle>
<VisualStyle State='1' Mode='0'>
<Face Type='2D'>
<Color  R='0.501961' G='0.501961' B='0.501961' A='1' />
</Face>
<Image Id='5' Alpha='1' />
<Text Id='3' FontId='1' Alignment='CenterCenter' Wrap='False'>
<Color  R='0' G='0' B='1' A='1' />
</Text>
</VisualStyle>
</VisualStyles>
<Bindings>
<Binding Id='174' Type='Digital' Property='State'/>
</Bindings>
<Commands>
<Command Action='TouchDown' Id='174' Type='Digital' Value='True' />
<Command Action='TouchUp' Id='174' Type='Digital' Value='False' />
</Commands>
</Control>
<Control Type='Button' Name='Button'>
<Position Units='Pixels' X='468' Y='646' />
<Size Units='Pixels' Width='100' Height='42' />
<VisualStyles>
<VisualStyle State='0' Mode='0'>
<Face Type='2D'>
<Color  R='1' G='1' B='1' A='1' />
</Face>
<Image Id='4' Alpha='1' />
<Text Id='4' FontId='1' Alignment='CenterCenter' Wrap='False'>
<Color  R='0' G='0' B='0' A='1' />
</Text>
</VisualStyle>
<VisualStyle State='1' Mode='0'>
<Face Type='2D'>
<Color  R='0.501961' G='0.501961' B='0.501961' A='1' />
</Face>
<Image Id='5' Alpha='1' />
<Text Id='4' FontId='1' Alignment='CenterCenter' Wrap='False'>
<Color  R='0' G='0' B='1' A='1' />
</Text>
</VisualStyle>
</VisualStyles>
<Bindings>
<Binding Id='177' Type='Digital' Property='State'/>
</Bindings>
<Commands>
<Command Action='TouchDown' Id='177' Type='Digital' Value='True' />
<Command Action='TouchUp' Id='177' Type='Digital' Value='False' />
</Commands>
</Control>
<Control Type='Button' Name='Button'>
<Position Units='Pixels' X='572' Y='646' />
<Size Units='Pixels' Width='100' Height='42' />
<VisualStyles>
<VisualStyle State='0' Mode='0'>
<Face Type='2D'>
<Color  R='1' G='1' B='1' A='1' />
</Face>
<Image Id='4' Alpha='1' />
<Text Id='5' FontId='1' Alignment='CenterCenter' Wrap='False'>
<Color  R='0' G='0' B='0' A='1' />
</Text>
</VisualStyle>
<VisualStyle State='1' Mode='0'>
<Face Type='2D'>
<Color  R='0.501961' G='0.501961' B='0.501961' A='1' />
</Face>
<Image Id='5' Alpha='1' />
<Text Id='5' FontId='1' Alignment='CenterCenter' Wrap='False'>
<Color  R='0' G='0' B='1' A='1' />
</Text>
</VisualStyle>
</VisualStyles>
<Bindings>
<Binding Id='178' Type='Digital' Property='State'/>
</Bindings>
<Commands>
<Command Action='TouchDown' Id='178' Type='Digital' Value='True' />
<Command Action='TouchUp' Id='178' Type='Digital' Value='False' />
</Commands>
</Control>
<Control Type='Button' Name='Button'>
<Position Units='Pixels' X='690' Y='554' />
<Size Units='Pixels' Width='100' Height='42' />
<VisualStyles>
<VisualStyle State='0' Mode='0'>
<Face Type='2D'>
<Color  R='1' G='1' B='1' A='1' />
</Face>
<Image Id='4' Alpha='1' />
<Text Id='1' FontId='1' Alignment='CenterCenter' Wrap='False'>
<Color  R='0' G='0' B='0' A='1' />
</Text>
</VisualStyle>
<VisualStyle State='1' Mode='0'>
<Face Type='2D'>
<Color  R='0.501961' G='0.501961' B='0.501961' A='1' />
</Face>
<Image Id='5' Alpha='1' />
<Text Id='1' FontId='1' Alignment='CenterCenter' Wrap='False'>
<Color  R='0' G='0' B='1' A='1' />
</Text>
</VisualStyle>
</VisualStyles>
<Bindings>
<Binding Id='181' Type='Digital' Property='State'/>
</Bindings>
<Commands>
<Command Action='TouchDown' Id='181' Type='Digital' Value='True' />
<Command Action='TouchUp' Id='181' Type='Digital' Value='False' />
</Commands>
</Control>
<Control Type='Button' Name='Button'>
<Position Units='Pixels' X='796' Y='554' />
<Size Units='Pixels' Width='100' Height='42' />
<VisualStyles>
<VisualStyle State='0' Mode='0'>
<Face Type='2D'>
<Color  R='1' G='1' B='1' A='1' />
</Face>
<Image Id='4' Alpha='1' />
<Text Id='2' FontId='1' Alignment='CenterCenter' Wrap='False'>
<Color  R='0' G='0' B='0' A='1' />
</Text>
</VisualStyle>
<VisualStyle State='1' Mode='0'>
<Face Type='2D'>
<Color  R='0.501961' G='0.501961' B='0.501961' A='1' />
</Face>
<Image Id='5' Alpha='1' />
<Text Id='2' FontId='1' Alignment='CenterCenter' Wrap='False'>
<Color  R='0' G='0' B='1' A='1' />
</Text>
</VisualStyle>
</VisualStyles>
<Bindings>
<Binding Id='182' Type='Digital' Property='State'/>
</Bindings>
<Commands>
<Command Action='TouchDown' Id='182' Type='Digital' Value='True' />
<Command Action='TouchUp' Id='182' Type='Digital' Value='False' />
</Commands>
</Control>
<Control Type='Button' Name='Button'>
<Position Units='Pixels' X='744' Y='600' />
<Size Units='Pixels' Width='100' Height='42' />
<VisualStyles>
<VisualStyle State='0' Mode='0'>
<Face Type='2D'>
<Color  R='1' G='1' B='1' A='1' />
</Face>
<Image Id='4' Alpha='1' />
<Text Id='3' FontId='1' Alignment='CenterCenter' Wrap='False'>
<Color  R='0' G='0' B='0' A='1' />
</Text>
</VisualStyle>
<VisualStyle State='1' Mode='0'>
<Face Type='2D'>
<Color  R='0.501961' G='0.501961' B='0.501961' A='1' />
</Face>
<Image Id='5' Alpha='1' />
<Text Id='3' FontId='1' Alignment='CenterCenter' Wrap='False'>
<Color  R='0' G='0' B='1' A='1' />
</Text>
</VisualStyle>
</VisualStyles>
<Bindings>
<Binding Id='184' Type='Digital' Property='State'/>
</Bindings>
<Commands>
<Command Action='TouchDown' Id='184' Type='Digital' Value='True' />
<Command Action='TouchUp' Id='184' Type='Digital' Value='False' />
</Commands>
</Control>
<Control Type='Button' Name='Button'>
<Position Units='Pixels' X='692' Y='646' />
<Size Units='Pixels' Width='100' Height='42' />
<VisualStyles>
<VisualStyle State='0' Mode='0'>
<Face Type='2D'>
<Color  R='1' G='1' B='1' A='1' />
</Face>
<Image Id='4' Alpha='1' />
<Text Id='4' FontId='1' Alignment='CenterCenter' Wrap='False'>
<Color  R='0' G='0' B='0' A='1' />
</Text>
</VisualStyle>
<VisualStyle State='1' Mode='0'>
<Face Type='2D'>
<Color  R='0.501961' G='0.501961' B='0.501961' A='1' />
</Face>
<Image Id='5' Alpha='1' />
<Text Id='4' FontId='1' Alignment='CenterCenter' Wrap='False'>
<Color  R='0' G='0' B='1' A='1' />
</Text>
</VisualStyle>
</VisualStyles>
<Bindings>
<Binding Id='187' Type='Digital' Property='State'/>
</Bindings>
<Commands>
<Command Action='TouchDown' Id='187' Type='Digital' Value='True' />
<Command Action='TouchUp' Id='187' Type='Digital' Value='False' />
</Commands>
</Control>
<Control Type='Button' Name='Button'>
<Position Units='Pixels' X='796' Y='646' />
<Size Units='Pixels' Width='100' Height='42' />
<VisualStyles>
<VisualStyle State='0' Mode='0'>
<Face Type='2D'>
<Color  R='1' G='1' B='1' A='1' />
</Face>
<Image Id='4' Alpha='1' />
<Text Id='5' FontId='1' Alignment='CenterCenter' Wrap='False'>
<Color  R='0' G='0' B='0' A='1' />
</Text>
</VisualStyle>
<VisualStyle State='1' Mode='0'>
<Face Type='2D'>
<Color  R='0.501961' G='0.501961' B='0.501961' A='1' />
</Face>
<Image Id='5' Alpha='1' />
<Text Id='5' FontId='1' Alignment='CenterCenter' Wrap='False'>
<Color  R='0' G='0' B='1' A='1' />
</Text>
</VisualStyle>
</VisualStyles>
<Bindings>
<Binding Id='188' Type='Digital' Property='State'/>
</Bindings>
<Commands>
<Command Action='TouchDown' Id='188' Type='Digital' Value='True' />
<Command Action='TouchUp' Id='188' Type='Digital' Value='False' />
</Commands>
</Control>
<Control Type='Button' Name='Animation' KeyClick='False'>
<Position Units='Pixels' X='282' Y='444' />
<Size Units='Pixels' Width='126' Height='105' />
<VisualStyles>
<VisualStyle  Mode='0' State='0'>
<Image Id='1' Alpha='1' />
</VisualStyle>
<VisualStyle  Mode='1' State='0'>
<Image Id='2' Alpha='1' />
</VisualStyle>
<VisualStyle  Mode='2' State='0'>
<Image Id='3' Alpha='1' />
</VisualStyle>
</VisualStyles>
<Bindings>
<Binding Id='161' Type='Analog' Property='Mode'/>
</Bindings>
</Control>
<Control Type='Button' Name='Button'>
<Position Units='Pixels' X='282' Y='424' />
<Size Units='Pixels' Width='126' Height='125' />
<VisualStyles>
<VisualStyle State='0' Mode='0'>
<Face Type='2D'>
<Color  R='1' G='1' B='1' A='0' />
</Face>
<Text Id='13' FontId='3' Alignment='TopLeft' Wrap='False'>
<Color  R='0' G='0' B='0' A='1' />
</Text>
</VisualStyle>
<VisualStyle State='1' Mode='0'>
<Face Type='2D'>
<Color  R='1' G='1' B='1' A='0' />
</Face>
<Text Id='13' FontId='3' Alignment='TopLeft' Wrap='False'>
<Color  R='0' G='0' B='0' A='1' />
</Text>
</VisualStyle>
</VisualStyles>
<Bindings>
<Binding Id='163' Type='Digital' Property='State'/>
</Bindings>
<Commands>
<Command Action='TouchDown' Id='163' Type='Digital' Value='True' />
<Command Action='TouchUp' Id='163' Type='Digital' Value='False' />
</Commands>
</Control>
<Control Type='Button' Name='Animation' KeyClick='False'>
<Position Units='Pixels' X='506' Y='445' />
<Size Units='Pixels' Width='126' Height='105' />
<VisualStyles>
<VisualStyle  Mode='0' State='0'>
<Image Id='1' Alpha='1' />
</VisualStyle>
<VisualStyle  Mode='1' State='0'>
<Image Id='2' Alpha='1' />
</VisualStyle>
<VisualStyle  Mode='2' State='0'>
<Image Id='3' Alpha='1' />
</VisualStyle>
</VisualStyles>
<Bindings>
<Binding Id='171' Type='Analog' Property='Mode'/>
</Bindings>
</Control>
<Control Type='Button' Name='Button'>
<Position Units='Pixels' X='506' Y='425' />
<Size Units='Pixels' Width='126' Height='125' />
<VisualStyles>
<VisualStyle State='0' Mode='0'>
<Face Type='2D'>
<Color  R='1' G='1' B='1' A='0' />
</Face>
<Text Id='12' FontId='3' Alignment='TopLeft' Wrap='False'>
<Color  R='0' G='0' B='0' A='1' />
</Text>
</VisualStyle>
<VisualStyle State='1' Mode='0'>
<Face Type='2D'>
<Color  R='1' G='1' B='1' A='0' />
</Face>
<Text Id='12' FontId='3' Alignment='TopLeft' Wrap='False'>
<Color  R='0' G='0' B='0' A='1' />
</Text>
</VisualStyle>
</VisualStyles>
<Bindings>
<Binding Id='173' Type='Digital' Property='State'/>
</Bindings>
<Commands>
<Command Action='TouchDown' Id='173' Type='Digital' Value='True' />
<Command Action='TouchUp' Id='173' Type='Digital' Value='False' />
</Commands>
</Control>
<Control Type='Button' Name='Animation' KeyClick='False'>
<Position Units='Pixels' X='730' Y='444' />
<Size Units='Pixels' Width='126' Height='105' />
<VisualStyles>
<VisualStyle  Mode='0' State='0'>
<Image Id='1' Alpha='1' />
</VisualStyle>
<VisualStyle  Mode='1' State='0'>
<Image Id='2' Alpha='1' />
</VisualStyle>
<VisualStyle  Mode='2' State='0'>
<Image Id='3' Alpha='1' />
</VisualStyle>
</VisualStyles>
<Bindings>
<Binding Id='181' Type='Analog' Property='Mode'/>
</Bindings>
</Control>
<Control Type='Button' Name='Button'>
<Position Units='Pixels' X='730' Y='424' />
<Size Units='Pixels' Width='126' Height='125' />
<VisualStyles>
<VisualStyle State='0' Mode='0'>
<Face Type='2D'>
<Color  R='1' G='1' B='1' A='0' />
</Face>
<Text Id='11' FontId='3' Alignment='TopLeft' Wrap='False'>
<Color  R='0' G='0' B='0' A='1' />
</Text>
</VisualStyle>
<VisualStyle State='1' Mode='0'>
<Face Type='2D'>
<Color  R='1' G='1' B='1' A='0' />
</Face>
<Text Id='11' FontId='3' Alignment='TopLeft' Wrap='False'>
<Color  R='0' G='0' B='0' A='1' />
</Text>
</VisualStyle>
</VisualStyles>
<Bindings>
<Binding Id='183' Type='Digital' Property='State'/>
</Bindings>
<Commands>
<Command Action='TouchDown' Id='183' Type='Digital' Value='True' />
<Command Action='TouchUp' Id='183' Type='Digital' Value='False' />
</Commands>
</Control>
<Control Type='Button' Name='Button'>
<Position Units='Pixels' X='917' Y='148' />
<Size Units='Pixels' Width='100' Height='42' />
<VisualStyles>
<VisualStyle State='0' Mode='0'>
<Face Type='2D'>
<Color  R='1' G='1' B='1' A='1' />
</Face>
<Image Id='4' Alpha='1' />
<Text Id='1' FontId='1' Alignment='CenterCenter' Wrap='False'>
<Color  R='0' G='0' B='0' A='1' />
</Text>
</VisualStyle>
<VisualStyle State='1' Mode='0'>
<Face Type='2D'>
<Color  R='0.501961' G='0.501961' B='0.501961' A='1' />
</Face>
<Image Id='5' Alpha='1' />
<Text Id='1' FontId='1' Alignment='CenterCenter' Wrap='False'>
<Color  R='0' G='0' B='1' A='1' />
</Text>
</VisualStyle>
</VisualStyles>
<Bindings>
<Binding Id='101' Type='Digital' Property='State'/>
</Bindings>
<Commands>
<Command Action='TouchDown' Id='101' Type='Digital' Value='True' />
<Command Action='TouchUp' Id='101' Type='Digital' Value='False' />
</Commands>
</Control>
<Control Type='Button' Name='Button'>
<Position Units='Pixels' X='917' Y='195' />
<Size Units='Pixels' Width='100' Height='42' />
<VisualStyles>
<VisualStyle State='0' Mode='0'>
<Face Type='2D'>
<Color  R='1' G='1' B='1' A='1' />
</Face>
<Image Id='4' Alpha='1' />
<Text Id='2' FontId='1' Alignment='CenterCenter' Wrap='False'>
<Color  R='0' G='0' B='0' A='1' />
</Text>
</VisualStyle>
<VisualStyle State='1' Mode='0'>
<Face Type='2D'>
<Color  R='0.501961' G='0.501961' B='0.501961' A='1' />
</Face>
<Image Id='5' Alpha='1' />
<Text Id='2' FontId='1' Alignment='CenterCenter' Wrap='False'>
<Color  R='0' G='0' B='1' A='1' />
</Text>
</VisualStyle>
</VisualStyles>
<Bindings>
<Binding Id='102' Type='Digital' Property='State'/>
</Bindings>
<Commands>
<Command Action='TouchDown' Id='102' Type='Digital' Value='True' />
<Command Action='TouchUp' Id='102' Type='Digital' Value='False' />
</Commands>
</Control>
<Control Type='Button' Name='Button'>
<Position Units='Pixels' X='917' Y='243' />
<Size Units='Pixels' Width='100' Height='42' />
<VisualStyles>
<VisualStyle State='0' Mode='0'>
<Face Type='2D'>
<Color  R='1' G='1' B='1' A='1' />
</Face>
<Image Id='4' Alpha='1' />
<Text Id='3' FontId='1' Alignment='CenterCenter' Wrap='False'>
<Color  R='0' G='0' B='0' A='1' />
</Text>
</VisualStyle>
<VisualStyle State='1' Mode='0'>
<Face Type='2D'>
<Color  R='0.501961' G='0.501961' B='0.501961' A='1' />
</Face>
<Image Id='5' Alpha='1' />
<Text Id='3' FontId='1' Alignment='CenterCenter' Wrap='False'>
<Color  R='0' G='0' B='1' A='1' />
</Text>
</VisualStyle>
</VisualStyles>
<Bindings>
<Binding Id='103' Type='Digital' Property='State'/>
</Bindings>
<Commands>
<Command Action='TouchDown' Id='103' Type='Digital' Value='True' />
<Command Action='TouchUp' Id='103' Type='Digital' Value='False' />
</Commands>
</Control>
<Control Type='Button' Name='Text'>
<Position Units='Pixels' X='921' Y='113' />
<Size Units='Pixels' Width='91' Height='29' />
<VisualStyles>
<VisualStyle State='0' Mode='0'>
<Text Id='6' FontId='2' Alignment='CenterCenter' Wrap='False'>
<Color  R='0' G='0' B='0' A='1' />
</Text>
</VisualStyle>
</VisualStyles>
</Control>
<Control Type='Button' Name='Button'>
<Position Units='Pixels' X='236' Y='26' />
<Size Units='Pixels' Width='140' Height='52' />
<VisualStyles>
<VisualStyle State='0' Mode='0'>
<Face Type='2D'>
<Color  R='1' G='1' B='1' A='1' />
</Face>
<Image Id='7' Alpha='1' />
<Text Id='15' FontId='4' Alignment='CenterCenter' Wrap='False'>
<Color  R='0' G='0' B='0' A='1' />
</Text>
</VisualStyle>
<VisualStyle State='1' Mode='0'>
<Face Type='2D'>
<Color  R='0.501961' G='0.501961' B='0.501961' A='1' />
</Face>
<Image Id='6' Alpha='1' />
<Text Id='15' FontId='4' Alignment='CenterCenter' Wrap='False'>
<Color  R='0' G='0' B='0' A='1' />
</Text>
</VisualStyle>
</VisualStyles>
<Commands>
<Command Action='TouchDown' PageFlip='PCI #1' />
</Commands>
</Control>
<Control Type='Button' Name='Button'>
<Position Units='Pixels' X='387' Y='26' />
<Size Units='Pixels' Width='140' Height='52' />
<VisualStyles>
<VisualStyle State='0' Mode='0'>
<Face Type='2D'>
<Color  R='1' G='1' B='1' A='1' />
</Face>
<Image Id='6' Alpha='1' />
<Text Id='16' FontId='4' Alignment='CenterCenter' Wrap='False'>
<Color  R='0' G='0' B='1' A='1' />
</Text>
</VisualStyle>
<VisualStyle State='1' Mode='0'>
<Face Type='2D'>
<Color  R='0.501961' G='0.501961' B='0.501961' A='1' />
</Face>
<Image Id='6' Alpha='1' />
<Text Id='16' FontId='4' Alignment='CenterCenter' Wrap='False'>
<Color  R='0' G='0' B='0' A='1' />
</Text>
</VisualStyle>
</VisualStyles>
</Control>
<Control Type='Button' Name='Button'>
<Position Units='Pixels' X='536' Y='26' />
<Size Units='Pixels' Width='140' Height='52' />
<VisualStyles>
<VisualStyle State='0' Mode='0'>
<Face Type='2D'>
<Color  R='1' G='1' B='1' A='1' />
</Face>
<Image Id='7' Alpha='1' />
<Text Id='17' FontId='4' Alignment='CenterCenter' Wrap='False'>
<Color  R='0' G='0' B='0' A='1' />
</Text>
</VisualStyle>
<VisualStyle State='1' Mode='0'>
<Face Type='2D'>
<Color  R='0.501961' G='0.501961' B='0.501961' A='1' />
</Face>
<Image Id='6' Alpha='1' />
<Text Id='17' FontId='4' Alignment='CenterCenter' Wrap='False'>
<Color  R='0' G='0' B='0' A='1' />
</Text>
</VisualStyle>
</VisualStyles>
<Commands>
<Command Action='TouchDown' PageFlip='PCI #3' />
</Commands>
</Control>
<Control Type='Button' Name='Button'>
<Position Units='Pixels' X='917' Y='291' />
<Size Units='Pixels' Width='100' Height='42' />
<VisualStyles>
<VisualStyle State='0' Mode='0'>
<Face Type='2D'>
<Color  R='1' G='1' B='1' A='1' />
</Face>
<Image Id='4' Alpha='1' />
<Text Id='4' FontId='1' Alignment='CenterCenter' Wrap='False'>
<Color  R='0' G='0' B='0' A='1' />
</Text>
</VisualStyle>
<VisualStyle State='1' Mode='0'>
<Face Type='2D'>
<Color  R='0.501961' G='0.501961' B='0.501961' A='1' />
</Face>
<Image Id='5' Alpha='1' />
<Text Id='4' FontId='1' Alignment='CenterCenter' Wrap='False'>
<Color  R='0' G='0' B='1' A='1' />
</Text>
</VisualStyle>
</VisualStyles>
<Bindings>
<Binding Id='106' Type='Digital' Property='State'/>
</Bindings>
<Commands>
<Command Action='TouchDown' Id='106' Type='Digital' Value='True' />
<Command Action='TouchUp' Id='106' Type='Digital' Value='False' />
</Commands>
</Control>
<Control Type='Button' Name='Button'>
<Position Units='Pixels' X='917' Y='339' />
<Size Units='Pixels' Width='100' Height='42' />
<VisualStyles>
<VisualStyle State='0' Mode='0'>
<Face Type='2D'>
<Color  R='1' G='1' B='1' A='1' />
</Face>
<Image Id='4' Alpha='1' />
<Text Id='19' FontId='1' Alignment='CenterCenter' Wrap='False'>
<Color  R='0' G='0' B='0' A='1' />
</Text>
</VisualStyle>
<VisualStyle State='1' Mode='0'>
<Face Type='2D'>
<Color  R='0.501961' G='0.501961' B='0.501961' A='1' />
</Face>
<Image Id='5' Alpha='1' />
<Text Id='19' FontId='1' Alignment='CenterCenter' Wrap='False'>
<Color  R='0' G='0' B='1' A='1' />
</Text>
</VisualStyle>
</VisualStyles>
<Bindings>
<Binding Id='107' Type='Digital' Property='State'/>
</Bindings>
<Commands>
<Command Action='TouchDown' Id='107' Type='Digital' Value='True' />
<Command Action='TouchUp' Id='107' Type='Digital' Value='False' />
</Commands>
</Control>
<Control Type='Button' Name='Button'>
<Position Units='Pixels' X='917' Y='387' />
<Size Units='Pixels' Width='100' Height='42' />
<VisualStyles>
<VisualStyle State='0' Mode='0'>
<Face Type='2D'>
<Color  R='1' G='1' B='1' A='1' />
</Face>
<Image Id='4' Alpha='1' />
<Text Id='18' FontId='1' Alignment='CenterCenter' Wrap='False'>
<Color  R='0' G='0' B='0' A='1' />
</Text>
</VisualStyle>
<VisualStyle State='1' Mode='0'>
<Face Type='2D'>
<Color  R='0.501961' G='0.501961' B='0.501961' A='1' />
</Face>
<Image Id='5' Alpha='1' />
<Text Id='18' FontId='1' Alignment='CenterCenter' Wrap='False'>
<Color  R='0' G='0' B='1' A='1' />
</Text>
</VisualStyle>
</VisualStyles>
<Bindings>
<Binding Id='108' Type='Digital' Property='State'/>
</Bindings>
<Commands>
<Command Action='TouchDown' Id='108' Type='Digital' Value='True' />
<Command Action='TouchUp' Id='108' Type='Digital' Value='False' />
</Commands>
</Control>
</Control>
</File>
