<?xml version='1.0' encoding='ISO-8859-1' ?>
<File Type='Page' Version='4.1.0'>
<Control Type='Page' Name='PCI #1' Transition='65535' TransitionDuration='-1'>
<Position Units='Pixels' X='0' Y='0' />
<Size Units='Pixels' Width='1024' Height='748' />
<VisualStyles>
<VisualStyle>
<Background>
<Color  R='1' G='1' B='1' A='1' />
</Background>
</VisualStyle>
</VisualStyles>
<Control Type='Button' Name='Animation' KeyClick='False'>
<Position Units='Pixels' X='49' Y='128' />
<Size Units='Pixels' Width='126' Height='105' />
<VisualStyles>
<VisualStyle  Mode='0' State='0'>
<Image Id='1' Alpha='1' />
</VisualStyle>
<VisualStyle  Mode='1' State='0'>
<Image Id='2' Alpha='1' />
</VisualStyle>
<VisualStyle  Mode='2' State='0'>
<Image Id='3' Alpha='1' />
</VisualStyle>
</VisualStyles>
<Bindings>
<Binding Id='11' Type='Analog' Property='Mode'/>
</Bindings>
</Control>
<Control Type='Button' Name='Button'>
<Position Units='Pixels' X='9' Y='238' />
<Size Units='Pixels' Width='100' Height='42' />
<VisualStyles>
<VisualStyle State='0' Mode='0'>
<Face Type='2D'>
<Color  R='1' G='1' B='1' A='1' />
</Face>
<Image Id='4' Alpha='1' />
<Text Id='1' FontId='1' Alignment='CenterCenter' Wrap='False'>
<Color  R='0' G='0' B='0' A='1' />
</Text>
</VisualStyle>
<VisualStyle State='1' Mode='0'>
<Face Type='2D'>
<Color  R='0.501961' G='0.501961' B='0.501961' A='1' />
</Face>
<Image Id='5' Alpha='1' />
<Text Id='1' FontId='1' Alignment='CenterCenter' Wrap='False'>
<Color  R='0' G='0' B='1' A='1' />
</Text>
</VisualStyle>
</VisualStyles>
<Bindings>
<Binding Id='11' Type='Digital' Property='State'/>
</Bindings>
<Commands>
<Command Action='TouchDown' Id='11' Type='Digital' Value='True' />
<Command Action='TouchUp' Id='11' Type='Digital' Value='False' />
</Commands>
</Control>
<Control Type='Button' Name='Button'>
<Position Units='Pixels' X='115' Y='238' />
<Size Units='Pixels' Width='100' Height='42' />
<VisualStyles>
<VisualStyle State='0' Mode='0'>
<Face Type='2D'>
<Color  R='1' G='1' B='1' A='1' />
</Face>
<Image Id='4' Alpha='1' />
<Text Id='2' FontId='1' Alignment='CenterCenter' Wrap='False'>
<Color  R='0' G='0' B='0' A='1' />
</Text>
</VisualStyle>
<VisualStyle State='1' Mode='0'>
<Face Type='2D'>
<Color  R='0.501961' G='0.501961' B='0.501961' A='1' />
</Face>
<Image Id='5' Alpha='1' />
<Text Id='2' FontId='1' Alignment='CenterCenter' Wrap='False'>
<Color  R='0' G='0' B='1' A='1' />
</Text>
</VisualStyle>
</VisualStyles>
<Bindings>
<Binding Id='12' Type='Digital' Property='State'/>
</Bindings>
<Commands>
<Command Action='TouchDown' Id='12' Type='Digital' Value='True' />
<Command Action='TouchUp' Id='12' Type='Digital' Value='False' />
</Commands>
</Control>
<Control Type='Button' Name='Button'>
<Position Units='Pixels' X='63' Y='284' />
<Size Units='Pixels' Width='100' Height='42' />
<VisualStyles>
<VisualStyle State='0' Mode='0'>
<Face Type='2D'>
<Color  R='1' G='1' B='1' A='1' />
</Face>
<Image Id='4' Alpha='1' />
<Text Id='3' FontId='1' Alignment='CenterCenter' Wrap='False'>
<Color  R='0' G='0' B='0' A='1' />
</Text>
</VisualStyle>
<VisualStyle State='1' Mode='0'>
<Face Type='2D'>
<Color  R='0.501961' G='0.501961' B='0.501961' A='1' />
</Face>
<Image Id='5' Alpha='1' />
<Text Id='3' FontId='1' Alignment='CenterCenter' Wrap='False'>
<Color  R='0' G='0' B='1' A='1' />
</Text>
</VisualStyle>
</VisualStyles>
<Bindings>
<Binding Id='14' Type='Digital' Property='State'/>
</Bindings>
<Commands>
<Command Action='TouchDown' Id='14' Type='Digital' Value='True' />
<Command Action='TouchUp' Id='14' Type='Digital' Value='False' />
</Commands>
</Control>
<Control Type='Button' Name='Button'>
<Position Units='Pixels' X='11' Y='330' />
<Size Units='Pixels' Width='100' Height='42' />
<VisualStyles>
<VisualStyle State='0' Mode='0'>
<Face Type='2D'>
<Color  R='1' G='1' B='1' A='1' />
</Face>
<Image Id='4' Alpha='1' />
<Text Id='4' FontId='1' Alignment='CenterCenter' Wrap='False'>
<Color  R='0' G='0' B='0' A='1' />
</Text>
</VisualStyle>
<VisualStyle State='1' Mode='0'>
<Face Type='2D'>
<Color  R='0.501961' G='0.501961' B='0.501961' A='1' />
</Face>
<Image Id='5' Alpha='1' />
<Text Id='4' FontId='1' Alignment='CenterCenter' Wrap='False'>
<Color  R='0' G='0' B='1' A='1' />
</Text>
</VisualStyle>
</VisualStyles>
<Bindings>
<Binding Id='17' Type='Digital' Property='State'/>
</Bindings>
<Commands>
<Command Action='TouchDown' Id='17' Type='Digital' Value='True' />
<Command Action='TouchUp' Id='17' Type='Digital' Value='False' />
</Commands>
</Control>
<Control Type='Button' Name='Button'>
<Position Units='Pixels' X='115' Y='330' />
<Size Units='Pixels' Width='100' Height='42' />
<VisualStyles>
<VisualStyle State='0' Mode='0'>
<Face Type='2D'>
<Color  R='1' G='1' B='1' A='1' />
</Face>
<Image Id='4' Alpha='1' />
<Text Id='5' FontId='1' Alignment='CenterCenter' Wrap='False'>
<Color  R='0' G='0' B='0' A='1' />
</Text>
</VisualStyle>
<VisualStyle State='1' Mode='0'>
<Face Type='2D'>
<Color  R='0.501961' G='0.501961' B='0.501961' A='1' />
</Face>
<Image Id='5' Alpha='1' />
<Text Id='5' FontId='1' Alignment='CenterCenter' Wrap='False'>
<Color  R='0' G='0' B='1' A='1' />
</Text>
</VisualStyle>
</VisualStyles>
<Bindings>
<Binding Id='18' Type='Digital' Property='State'/>
</Bindings>
<Commands>
<Command Action='TouchDown' Id='18' Type='Digital' Value='True' />
<Command Action='TouchUp' Id='18' Type='Digital' Value='False' />
</Commands>
</Control>
<Control Type='Button' Name='Button'>
<Position Units='Pixels' X='240' Y='238' />
<Size Units='Pixels' Width='100' Height='42' />
<VisualStyles>
<VisualStyle State='0' Mode='0'>
<Face Type='2D'>
<Color  R='1' G='1' B='1' A='1' />
</Face>
<Image Id='4' Alpha='1' />
<Text Id='1' FontId='1' Alignment='CenterCenter' Wrap='False'>
<Color  R='0' G='0' B='0' A='1' />
</Text>
</VisualStyle>
<VisualStyle State='1' Mode='0'>
<Face Type='2D'>
<Color  R='0.501961' G='0.501961' B='0.501961' A='1' />
</Face>
<Image Id='5' Alpha='1' />
<Text Id='1' FontId='1' Alignment='CenterCenter' Wrap='False'>
<Color  R='0' G='0' B='1' A='1' />
</Text>
</VisualStyle>
</VisualStyles>
<Bindings>
<Binding Id='21' Type='Digital' Property='State'/>
</Bindings>
<Commands>
<Command Action='TouchDown' Id='21' Type='Digital' Value='True' />
<Command Action='TouchUp' Id='21' Type='Digital' Value='False' />
</Commands>
</Control>
<Control Type='Button' Name='Button'>
<Position Units='Pixels' X='346' Y='238' />
<Size Units='Pixels' Width='100' Height='42' />
<VisualStyles>
<VisualStyle State='0' Mode='0'>
<Face Type='2D'>
<Color  R='1' G='1' B='1' A='1' />
</Face>
<Image Id='4' Alpha='1' />
<Text Id='2' FontId='1' Alignment='CenterCenter' Wrap='False'>
<Color  R='0' G='0' B='0' A='1' />
</Text>
</VisualStyle>
<VisualStyle State='1' Mode='0'>
<Face Type='2D'>
<Color  R='0.501961' G='0.501961' B='0.501961' A='1' />
</Face>
<Image Id='5' Alpha='1' />
<Text Id='2' FontId='1' Alignment='CenterCenter' Wrap='False'>
<Color  R='0' G='0' B='1' A='1' />
</Text>
</VisualStyle>
</VisualStyles>
<Bindings>
<Binding Id='22' Type='Digital' Property='State'/>
</Bindings>
<Commands>
<Command Action='TouchDown' Id='22' Type='Digital' Value='True' />
<Command Action='TouchUp' Id='22' Type='Digital' Value='False' />
</Commands>
</Control>
<Control Type='Button' Name='Button'>
<Position Units='Pixels' X='294' Y='284' />
<Size Units='Pixels' Width='100' Height='42' />
<VisualStyles>
<VisualStyle State='0' Mode='0'>
<Face Type='2D'>
<Color  R='1' G='1' B='1' A='1' />
</Face>
<Image Id='4' Alpha='1' />
<Text Id='3' FontId='1' Alignment='CenterCenter' Wrap='False'>
<Color  R='0' G='0' B='0' A='1' />
</Text>
</VisualStyle>
<VisualStyle State='1' Mode='0'>
<Face Type='2D'>
<Color  R='0.501961' G='0.501961' B='0.501961' A='1' />
</Face>
<Image Id='5' Alpha='1' />
<Text Id='3' FontId='1' Alignment='CenterCenter' Wrap='False'>
<Color  R='0' G='0' B='1' A='1' />
</Text>
</VisualStyle>
</VisualStyles>
<Bindings>
<Binding Id='24' Type='Digital' Property='State'/>
</Bindings>
<Commands>
<Command Action='TouchDown' Id='24' Type='Digital' Value='True' />
<Command Action='TouchUp' Id='24' Type='Digital' Value='False' />
</Commands>
</Control>
<Control Type='Button' Name='Button'>
<Position Units='Pixels' X='242' Y='330' />
<Size Units='Pixels' Width='100' Height='42' />
<VisualStyles>
<VisualStyle State='0' Mode='0'>
<Face Type='2D'>
<Color  R='1' G='1' B='1' A='1' />
</Face>
<Image Id='4' Alpha='1' />
<Text Id='4' FontId='1' Alignment='CenterCenter' Wrap='False'>
<Color  R='0' G='0' B='0' A='1' />
</Text>
</VisualStyle>
<VisualStyle State='1' Mode='0'>
<Face Type='2D'>
<Color  R='0.501961' G='0.501961' B='0.501961' A='1' />
</Face>
<Image Id='5' Alpha='1' />
<Text Id='4' FontId='1' Alignment='CenterCenter' Wrap='False'>
<Color  R='0' G='0' B='1' A='1' />
</Text>
</VisualStyle>
</VisualStyles>
<Bindings>
<Binding Id='27' Type='Digital' Property='State'/>
</Bindings>
<Commands>
<Command Action='TouchDown' Id='27' Type='Digital' Value='True' />
<Command Action='TouchUp' Id='27' Type='Digital' Value='False' />
</Commands>
</Control>
<Control Type='Button' Name='Button'>
<Position Units='Pixels' X='346' Y='330' />
<Size Units='Pixels' Width='100' Height='42' />
<VisualStyles>
<VisualStyle State='0' Mode='0'>
<Face Type='2D'>
<Color  R='1' G='1' B='1' A='1' />
</Face>
<Image Id='4' Alpha='1' />
<Text Id='5' FontId='1' Alignment='CenterCenter' Wrap='False'>
<Color  R='0' G='0' B='0' A='1' />
</Text>
</VisualStyle>
<VisualStyle State='1' Mode='0'>
<Face Type='2D'>
<Color  R='0.501961' G='0.501961' B='0.501961' A='1' />
</Face>
<Image Id='5' Alpha='1' />
<Text Id='5' FontId='1' Alignment='CenterCenter' Wrap='False'>
<Color  R='0' G='0' B='1' A='1' />
</Text>
</VisualStyle>
</VisualStyles>
<Bindings>
<Binding Id='28' Type='Digital' Property='State'/>
</Bindings>
<Commands>
<Command Action='TouchDown' Id='28' Type='Digital' Value='True' />
<Command Action='TouchUp' Id='28' Type='Digital' Value='False' />
</Commands>
</Control>
<Control Type='Button' Name='Button'>
<Position Units='Pixels' X='466' Y='238' />
<Size Units='Pixels' Width='100' Height='42' />
<VisualStyles>
<VisualStyle State='0' Mode='0'>
<Face Type='2D'>
<Color  R='1' G='1' B='1' A='1' />
</Face>
<Image Id='4' Alpha='1' />
<Text Id='1' FontId='1' Alignment='CenterCenter' Wrap='False'>
<Color  R='0' G='0' B='0' A='1' />
</Text>
</VisualStyle>
<VisualStyle State='1' Mode='0'>
<Face Type='2D'>
<Color  R='0.501961' G='0.501961' B='0.501961' A='1' />
</Face>
<Image Id='5' Alpha='1' />
<Text Id='1' FontId='1' Alignment='CenterCenter' Wrap='False'>
<Color  R='0' G='0' B='1' A='1' />
</Text>
</VisualStyle>
</VisualStyles>
<Bindings>
<Binding Id='31' Type='Digital' Property='State'/>
</Bindings>
<Commands>
<Command Action='TouchDown' Id='31' Type='Digital' Value='True' />
<Command Action='TouchUp' Id='31' Type='Digital' Value='False' />
</Commands>
</Control>
<Control Type='Button' Name='Button'>
<Position Units='Pixels' X='572' Y='238' />
<Size Units='Pixels' Width='100' Height='42' />
<VisualStyles>
<VisualStyle State='0' Mode='0'>
<Face Type='2D'>
<Color  R='1' G='1' B='1' A='1' />
</Face>
<Image Id='4' Alpha='1' />
<Text Id='2' FontId='1' Alignment='CenterCenter' Wrap='False'>
<Color  R='0' G='0' B='0' A='1' />
</Text>
</VisualStyle>
<VisualStyle State='1' Mode='0'>
<Face Type='2D'>
<Color  R='0.501961' G='0.501961' B='0.501961' A='1' />
</Face>
<Image Id='5' Alpha='1' />
<Text Id='2' FontId='1' Alignment='CenterCenter' Wrap='False'>
<Color  R='0' G='0' B='1' A='1' />
</Text>
</VisualStyle>
</VisualStyles>
<Bindings>
<Binding Id='32' Type='Digital' Property='State'/>
</Bindings>
<Commands>
<Command Action='TouchDown' Id='32' Type='Digital' Value='True' />
<Command Action='TouchUp' Id='32' Type='Digital' Value='False' />
</Commands>
</Control>
<Control Type='Button' Name='Button'>
<Position Units='Pixels' X='520' Y='284' />
<Size Units='Pixels' Width='100' Height='42' />
<VisualStyles>
<VisualStyle State='0' Mode='0'>
<Face Type='2D'>
<Color  R='1' G='1' B='1' A='1' />
</Face>
<Image Id='4' Alpha='1' />
<Text Id='3' FontId='1' Alignment='CenterCenter' Wrap='False'>
<Color  R='0' G='0' B='0' A='1' />
</Text>
</VisualStyle>
<VisualStyle State='1' Mode='0'>
<Face Type='2D'>
<Color  R='0.501961' G='0.501961' B='0.501961' A='1' />
</Face>
<Image Id='5' Alpha='1' />
<Text Id='3' FontId='1' Alignment='CenterCenter' Wrap='False'>
<Color  R='0' G='0' B='1' A='1' />
</Text>
</VisualStyle>
</VisualStyles>
<Bindings>
<Binding Id='34' Type='Digital' Property='State'/>
</Bindings>
<Commands>
<Command Action='TouchDown' Id='34' Type='Digital' Value='True' />
<Command Action='TouchUp' Id='34' Type='Digital' Value='False' />
</Commands>
</Control>
<Control Type='Button' Name='Button'>
<Position Units='Pixels' X='468' Y='330' />
<Size Units='Pixels' Width='100' Height='42' />
<VisualStyles>
<VisualStyle State='0' Mode='0'>
<Face Type='2D'>
<Color  R='1' G='1' B='1' A='1' />
</Face>
<Image Id='4' Alpha='1' />
<Text Id='4' FontId='1' Alignment='CenterCenter' Wrap='False'>
<Color  R='0' G='0' B='0' A='1' />
</Text>
</VisualStyle>
<VisualStyle State='1' Mode='0'>
<Face Type='2D'>
<Color  R='0.501961' G='0.501961' B='0.501961' A='1' />
</Face>
<Image Id='5' Alpha='1' />
<Text Id='4' FontId='1' Alignment='CenterCenter' Wrap='False'>
<Color  R='0' G='0' B='1' A='1' />
</Text>
</VisualStyle>
</VisualStyles>
<Bindings>
<Binding Id='37' Type='Digital' Property='State'/>
</Bindings>
<Commands>
<Command Action='TouchDown' Id='37' Type='Digital' Value='True' />
<Command Action='TouchUp' Id='37' Type='Digital' Value='False' />
</Commands>
</Control>
<Control Type='Button' Name='Button'>
<Position Units='Pixels' X='572' Y='330' />
<Size Units='Pixels' Width='100' Height='42' />
<VisualStyles>
<VisualStyle State='0' Mode='0'>
<Face Type='2D'>
<Color  R='1' G='1' B='1' A='1' />
</Face>
<Image Id='4' Alpha='1' />
<Text Id='5' FontId='1' Alignment='CenterCenter' Wrap='False'>
<Color  R='0' G='0' B='0' A='1' />
</Text>
</VisualStyle>
<VisualStyle State='1' Mode='0'>
<Face Type='2D'>
<Color  R='0.501961' G='0.501961' B='0.501961' A='1' />
</Face>
<Image Id='5' Alpha='1' />
<Text Id='5' FontId='1' Alignment='CenterCenter' Wrap='False'>
<Color  R='0' G='0' B='1' A='1' />
</Text>
</VisualStyle>
</VisualStyles>
<Bindings>
<Binding Id='38' Type='Digital' Property='State'/>
</Bindings>
<Commands>
<Command Action='TouchDown' Id='38' Type='Digital' Value='True' />
<Command Action='TouchUp' Id='38' Type='Digital' Value='False' />
</Commands>
</Control>
<Control Type='Button' Name='Button'>
<Position Units='Pixels' X='690' Y='238' />
<Size Units='Pixels' Width='100' Height='42' />
<VisualStyles>
<VisualStyle State='0' Mode='0'>
<Face Type='2D'>
<Color  R='1' G='1' B='1' A='1' />
</Face>
<Image Id='4' Alpha='1' />
<Text Id='1' FontId='1' Alignment='CenterCenter' Wrap='False'>
<Color  R='0' G='0' B='0' A='1' />
</Text>
</VisualStyle>
<VisualStyle State='1' Mode='0'>
<Face Type='2D'>
<Color  R='0.501961' G='0.501961' B='0.501961' A='1' />
</Face>
<Image Id='5' Alpha='1' />
<Text Id='1' FontId='1' Alignment='CenterCenter' Wrap='False'>
<Color  R='0' G='0' B='1' A='1' />
</Text>
</VisualStyle>
</VisualStyles>
<Bindings>
<Binding Id='41' Type='Digital' Property='State'/>
</Bindings>
<Commands>
<Command Action='TouchDown' Id='41' Type='Digital' Value='True' />
<Command Action='TouchUp' Id='41' Type='Digital' Value='False' />
</Commands>
</Control>
<Control Type='Button' Name='Button'>
<Position Units='Pixels' X='796' Y='238' />
<Size Units='Pixels' Width='100' Height='42' />
<VisualStyles>
<VisualStyle State='0' Mode='0'>
<Face Type='2D'>
<Color  R='1' G='1' B='1' A='1' />
</Face>
<Image Id='4' Alpha='1' />
<Text Id='2' FontId='1' Alignment='CenterCenter' Wrap='False'>
<Color  R='0' G='0' B='0' A='1' />
</Text>
</VisualStyle>
<VisualStyle State='1' Mode='0'>
<Face Type='2D'>
<Color  R='0.501961' G='0.501961' B='0.501961' A='1' />
</Face>
<Image Id='5' Alpha='1' />
<Text Id='2' FontId='1' Alignment='CenterCenter' Wrap='False'>
<Color  R='0' G='0' B='1' A='1' />
</Text>
</VisualStyle>
</VisualStyles>
<Bindings>
<Binding Id='42' Type='Digital' Property='State'/>
</Bindings>
<Commands>
<Command Action='TouchDown' Id='42' Type='Digital' Value='True' />
<Command Action='TouchUp' Id='42' Type='Digital' Value='False' />
</Commands>
</Control>
<Control Type='Button' Name='Button'>
<Position Units='Pixels' X='744' Y='284' />
<Size Units='Pixels' Width='100' Height='42' />
<VisualStyles>
<VisualStyle State='0' Mode='0'>
<Face Type='2D'>
<Color  R='1' G='1' B='1' A='1' />
</Face>
<Image Id='4' Alpha='1' />
<Text Id='3' FontId='1' Alignment='CenterCenter' Wrap='False'>
<Color  R='0' G='0' B='0' A='1' />
</Text>
</VisualStyle>
<VisualStyle State='1' Mode='0'>
<Face Type='2D'>
<Color  R='0.501961' G='0.501961' B='0.501961' A='1' />
</Face>
<Image Id='5' Alpha='1' />
<Text Id='3' FontId='1' Alignment='CenterCenter' Wrap='False'>
<Color  R='0' G='0' B='1' A='1' />
</Text>
</VisualStyle>
</VisualStyles>
<Bindings>
<Binding Id='44' Type='Digital' Property='State'/>
</Bindings>
<Commands>
<Command Action='TouchDown' Id='44' Type='Digital' Value='True' />
<Command Action='TouchUp' Id='44' Type='Digital' Value='False' />
</Commands>
</Control>
<Control Type='Button' Name='Button'>
<Position Units='Pixels' X='692' Y='330' />
<Size Units='Pixels' Width='100' Height='42' />
<VisualStyles>
<VisualStyle State='0' Mode='0'>
<Face Type='2D'>
<Color  R='1' G='1' B='1' A='1' />
</Face>
<Image Id='4' Alpha='1' />
<Text Id='4' FontId='1' Alignment='CenterCenter' Wrap='False'>
<Color  R='0' G='0' B='0' A='1' />
</Text>
</VisualStyle>
<VisualStyle State='1' Mode='0'>
<Face Type='2D'>
<Color  R='0.501961' G='0.501961' B='0.501961' A='1' />
</Face>
<Image Id='5' Alpha='1' />
<Text Id='4' FontId='1' Alignment='CenterCenter' Wrap='False'>
<Color  R='0' G='0' B='1' A='1' />
</Text>
</VisualStyle>
</VisualStyles>
<Bindings>
<Binding Id='47' Type='Digital' Property='State'/>
</Bindings>
<Commands>
<Command Action='TouchDown' Id='47' Type='Digital' Value='True' />
<Command Action='TouchUp' Id='47' Type='Digital' Value='False' />
</Commands>
</Control>
<Control Type='Button' Name='Button'>
<Position Units='Pixels' X='796' Y='330' />
<Size Units='Pixels' Width='100' Height='42' />
<VisualStyles>
<VisualStyle State='0' Mode='0'>
<Face Type='2D'>
<Color  R='1' G='1' B='1' A='1' />
</Face>
<Image Id='4' Alpha='1' />
<Text Id='5' FontId='1' Alignment='CenterCenter' Wrap='False'>
<Color  R='0' G='0' B='0' A='1' />
</Text>
</VisualStyle>
<VisualStyle State='1' Mode='0'>
<Face Type='2D'>
<Color  R='0.501961' G='0.501961' B='0.501961' A='1' />
</Face>
<Image Id='5' Alpha='1' />
<Text Id='5' FontId='1' Alignment='CenterCenter' Wrap='False'>
<Color  R='0' G='0' B='1' A='1' />
</Text>
</VisualStyle>
</VisualStyles>
<Bindings>
<Binding Id='48' Type='Digital' Property='State'/>
</Bindings>
<Commands>
<Command Action='TouchDown' Id='48' Type='Digital' Value='True' />
<Command Action='TouchUp' Id='48' Type='Digital' Value='False' />
</Commands>
</Control>
<Control Type='Button' Name='Animation' KeyClick='False'>
<Position Units='Pixels' X='282' Y='128' />
<Size Units='Pixels' Width='126' Height='105' />
<VisualStyles>
<VisualStyle  Mode='0' State='0'>
<Image Id='1' Alpha='1' />
</VisualStyle>
<VisualStyle  Mode='1' State='0'>
<Image Id='2' Alpha='1' />
</VisualStyle>
<VisualStyle  Mode='2' State='0'>
<Image Id='3' Alpha='1' />
</VisualStyle>
</VisualStyles>
<Bindings>
<Binding Id='21' Type='Analog' Property='Mode'/>
</Bindings>
</Control>
<Control Type='Button' Name='Animation' KeyClick='False'>
<Position Units='Pixels' X='508' Y='129' />
<Size Units='Pixels' Width='126' Height='105' />
<VisualStyles>
<VisualStyle  Mode='0' State='0'>
<Image Id='1' Alpha='1' />
</VisualStyle>
<VisualStyle  Mode='1' State='0'>
<Image Id='2' Alpha='1' />
</VisualStyle>
<VisualStyle  Mode='2' State='0'>
<Image Id='3' Alpha='1' />
</VisualStyle>
</VisualStyles>
<Bindings>
<Binding Id='31' Type='Analog' Property='Mode'/>
</Bindings>
</Control>
<Control Type='Button' Name='Animation' KeyClick='False'>
<Position Units='Pixels' X='730' Y='128' />
<Size Units='Pixels' Width='126' Height='105' />
<VisualStyles>
<VisualStyle  Mode='0' State='0'>
<Image Id='1' Alpha='1' />
</VisualStyle>
<VisualStyle  Mode='1' State='0'>
<Image Id='2' Alpha='1' />
</VisualStyle>
<VisualStyle  Mode='2' State='0'>
<Image Id='3' Alpha='1' />
</VisualStyle>
</VisualStyles>
<Bindings>
<Binding Id='41' Type='Analog' Property='Mode'/>
</Bindings>
</Control>
<Control Type='Button' Name='Animation' KeyClick='False'>
<Position Units='Pixels' X='49' Y='444' />
<Size Units='Pixels' Width='126' Height='105' />
<VisualStyles>
<VisualStyle  Mode='0' State='0'>
<Image Id='1' Alpha='1' />
</VisualStyle>
<VisualStyle  Mode='1' State='0'>
<Image Id='2' Alpha='1' />
</VisualStyle>
<VisualStyle  Mode='2' State='0'>
<Image Id='3' Alpha='1' />
</VisualStyle>
</VisualStyles>
<Bindings>
<Binding Id='51' Type='Analog' Property='Mode'/>
</Bindings>
</Control>
<Control Type='Button' Name='Button'>
<Position Units='Pixels' X='9' Y='554' />
<Size Units='Pixels' Width='100' Height='42' />
<VisualStyles>
<VisualStyle State='0' Mode='0'>
<Face Type='2D'>
<Color  R='1' G='1' B='1' A='1' />
</Face>
<Image Id='4' Alpha='1' />
<Text Id='1' FontId='1' Alignment='CenterCenter' Wrap='False'>
<Color  R='0' G='0' B='0' A='1' />
</Text>
</VisualStyle>
<VisualStyle State='1' Mode='0'>
<Face Type='2D'>
<Color  R='0.501961' G='0.501961' B='0.501961' A='1' />
</Face>
<Image Id='5' Alpha='1' />
<Text Id='1' FontId='1' Alignment='CenterCenter' Wrap='False'>
<Color  R='0' G='0' B='1' A='1' />
</Text>
</VisualStyle>
</VisualStyles>
<Bindings>
<Binding Id='51' Type='Digital' Property='State'/>
</Bindings>
<Commands>
<Command Action='TouchDown' Id='51' Type='Digital' Value='True' />
<Command Action='TouchUp' Id='51' Type='Digital' Value='False' />
</Commands>
</Control>
<Control Type='Button' Name='Button'>
<Position Units='Pixels' X='115' Y='554' />
<Size Units='Pixels' Width='100' Height='42' />
<VisualStyles>
<VisualStyle State='0' Mode='0'>
<Face Type='2D'>
<Color  R='1' G='1' B='1' A='1' />
</Face>
<Image Id='4' Alpha='1' />
<Text Id='2' FontId='1' Alignment='CenterCenter' Wrap='False'>
<Color  R='0' G='0' B='0' A='1' />
</Text>
</VisualStyle>
<VisualStyle State='1' Mode='0'>
<Face Type='2D'>
<Color  R='0.501961' G='0.501961' B='0.501961' A='1' />
</Face>
<Image Id='5' Alpha='1' />
<Text Id='2' FontId='1' Alignment='CenterCenter' Wrap='False'>
<Color  R='0' G='0' B='1' A='1' />
</Text>
</VisualStyle>
</VisualStyles>
<Bindings>
<Binding Id='52' Type='Digital' Property='State'/>
</Bindings>
<Commands>
<Command Action='TouchDown' Id='52' Type='Digital' Value='True' />
<Command Action='TouchUp' Id='52' Type='Digital' Value='False' />
</Commands>
</Control>
<Control Type='Button' Name='Button'>
<Position Units='Pixels' X='63' Y='600' />
<Size Units='Pixels' Width='100' Height='42' />
<VisualStyles>
<VisualStyle State='0' Mode='0'>
<Face Type='2D'>
<Color  R='1' G='1' B='1' A='1' />
</Face>
<Image Id='4' Alpha='1' />
<Text Id='3' FontId='1' Alignment='CenterCenter' Wrap='False'>
<Color  R='0' G='0' B='0' A='1' />
</Text>
</VisualStyle>
<VisualStyle State='1' Mode='0'>
<Face Type='2D'>
<Color  R='0.501961' G='0.501961' B='0.501961' A='1' />
</Face>
<Image Id='5' Alpha='1' />
<Text Id='3' FontId='1' Alignment='CenterCenter' Wrap='False'>
<Color  R='0' G='0' B='1' A='1' />
</Text>
</VisualStyle>
</VisualStyles>
<Bindings>
<Binding Id='54' Type='Digital' Property='State'/>
</Bindings>
<Commands>
<Command Action='TouchDown' Id='54' Type='Digital' Value='True' />
<Command Action='TouchUp' Id='54' Type='Digital' Value='False' />
</Commands>
</Control>
<Control Type='Button' Name='Button'>
<Position Units='Pixels' X='11' Y='646' />
<Size Units='Pixels' Width='100' Height='42' />
<VisualStyles>
<VisualStyle State='0' Mode='0'>
<Face Type='2D'>
<Color  R='1' G='1' B='1' A='1' />
</Face>
<Image Id='4' Alpha='1' />
<Text Id='4' FontId='1' Alignment='CenterCenter' Wrap='False'>
<Color  R='0' G='0' B='0' A='1' />
</Text>
</VisualStyle>
<VisualStyle State='1' Mode='0'>
<Face Type='2D'>
<Color  R='0.501961' G='0.501961' B='0.501961' A='1' />
</Face>
<Image Id='5' Alpha='1' />
<Text Id='4' FontId='1' Alignment='CenterCenter' Wrap='False'>
<Color  R='0' G='0' B='1' A='1' />
</Text>
</VisualStyle>
</VisualStyles>
<Bindings>
<Binding Id='57' Type='Digital' Property='State'/>
</Bindings>
<Commands>
<Command Action='TouchDown' Id='57' Type='Digital' Value='True' />
<Command Action='TouchUp' Id='57' Type='Digital' Value='False' />
</Commands>
</Control>
<Control Type='Button' Name='Button'>
<Position Units='Pixels' X='115' Y='646' />
<Size Units='Pixels' Width='100' Height='42' />
<VisualStyles>
<VisualStyle State='0' Mode='0'>
<Face Type='2D'>
<Color  R='1' G='1' B='1' A='1' />
</Face>
<Image Id='4' Alpha='1' />
<Text Id='5' FontId='1' Alignment='CenterCenter' Wrap='False'>
<Color  R='0' G='0' B='0' A='1' />
</Text>
</VisualStyle>
<VisualStyle State='1' Mode='0'>
<Face Type='2D'>
<Color  R='0.501961' G='0.501961' B='0.501961' A='1' />
</Face>
<Image Id='5' Alpha='1' />
<Text Id='5' FontId='1' Alignment='CenterCenter' Wrap='False'>
<Color  R='0' G='0' B='1' A='1' />
</Text>
</VisualStyle>
</VisualStyles>
<Bindings>
<Binding Id='58' Type='Digital' Property='State'/>
</Bindings>
<Commands>
<Command Action='TouchDown' Id='58' Type='Digital' Value='True' />
<Command Action='TouchUp' Id='58' Type='Digital' Value='False' />
</Commands>
</Control>
<Control Type='Button' Name='Button'>
<Position Units='Pixels' X='240' Y='554' />
<Size Units='Pixels' Width='100' Height='42' />
<VisualStyles>
<VisualStyle State='0' Mode='0'>
<Face Type='2D'>
<Color  R='1' G='1' B='1' A='1' />
</Face>
<Image Id='4' Alpha='1' />
<Text Id='1' FontId='1' Alignment='CenterCenter' Wrap='False'>
<Color  R='0' G='0' B='0' A='1' />
</Text>
</VisualStyle>
<VisualStyle State='1' Mode='0'>
<Face Type='2D'>
<Color  R='0.501961' G='0.501961' B='0.501961' A='1' />
</Face>
<Image Id='5' Alpha='1' />
<Text Id='1' FontId='1' Alignment='CenterCenter' Wrap='False'>
<Color  R='0' G='0' B='1' A='1' />
</Text>
</VisualStyle>
</VisualStyles>
<Bindings>
<Binding Id='61' Type='Digital' Property='State'/>
</Bindings>
<Commands>
<Command Action='TouchDown' Id='61' Type='Digital' Value='True' />
<Command Action='TouchUp' Id='61' Type='Digital' Value='False' />
</Commands>
</Control>
<Control Type='Button' Name='Button'>
<Position Units='Pixels' X='346' Y='554' />
<Size Units='Pixels' Width='100' Height='42' />
<VisualStyles>
<VisualStyle State='0' Mode='0'>
<Face Type='2D'>
<Color  R='1' G='1' B='1' A='1' />
</Face>
<Image Id='4' Alpha='1' />
<Text Id='2' FontId='1' Alignment='CenterCenter' Wrap='False'>
<Color  R='0' G='0' B='0' A='1' />
</Text>
</VisualStyle>
<VisualStyle State='1' Mode='0'>
<Face Type='2D'>
<Color  R='0.501961' G='0.501961' B='0.501961' A='1' />
</Face>
<Image Id='5' Alpha='1' />
<Text Id='2' FontId='1' Alignment='CenterCenter' Wrap='False'>
<Color  R='0' G='0' B='1' A='1' />
</Text>
</VisualStyle>
</VisualStyles>
<Bindings>
<Binding Id='62' Type='Digital' Property='State'/>
</Bindings>
<Commands>
<Command Action='TouchDown' Id='62' Type='Digital' Value='True' />
<Command Action='TouchUp' Id='62' Type='Digital' Value='False' />
</Commands>
</Control>
<Control Type='Button' Name='Button'>
<Position Units='Pixels' X='294' Y='600' />
<Size Units='Pixels' Width='100' Height='42' />
<VisualStyles>
<VisualStyle State='0' Mode='0'>
<Face Type='2D'>
<Color  R='1' G='1' B='1' A='1' />
</Face>
<Image Id='4' Alpha='1' />
<Text Id='3' FontId='1' Alignment='CenterCenter' Wrap='False'>
<Color  R='0' G='0' B='0' A='1' />
</Text>
</VisualStyle>
<VisualStyle State='1' Mode='0'>
<Face Type='2D'>
<Color  R='0.501961' G='0.501961' B='0.501961' A='1' />
</Face>
<Image Id='5' Alpha='1' />
<Text Id='3' FontId='1' Alignment='CenterCenter' Wrap='False'>
<Color  R='0' G='0' B='1' A='1' />
</Text>
</VisualStyle>
</VisualStyles>
<Bindings>
<Binding Id='64' Type='Digital' Property='State'/>
</Bindings>
<Commands>
<Command Action='TouchDown' Id='64' Type='Digital' Value='True' />
<Command Action='TouchUp' Id='64' Type='Digital' Value='False' />
</Commands>
</Control>
<Control Type='Button' Name='Button'>
<Position Units='Pixels' X='242' Y='646' />
<Size Units='Pixels' Width='100' Height='42' />
<VisualStyles>
<VisualStyle State='0' Mode='0'>
<Face Type='2D'>
<Color  R='1' G='1' B='1' A='1' />
</Face>
<Image Id='4' Alpha='1' />
<Text Id='4' FontId='1' Alignment='CenterCenter' Wrap='False'>
<Color  R='0' G='0' B='0' A='1' />
</Text>
</VisualStyle>
<VisualStyle State='1' Mode='0'>
<Face Type='2D'>
<Color  R='0.501961' G='0.501961' B='0.501961' A='1' />
</Face>
<Image Id='5' Alpha='1' />
<Text Id='4' FontId='1' Alignment='CenterCenter' Wrap='False'>
<Color  R='0' G='0' B='1' A='1' />
</Text>
</VisualStyle>
</VisualStyles>
<Bindings>
<Binding Id='67' Type='Digital' Property='State'/>
</Bindings>
<Commands>
<Command Action='TouchDown' Id='67' Type='Digital' Value='True' />
<Command Action='TouchUp' Id='67' Type='Digital' Value='False' />
</Commands>
</Control>
<Control Type='Button' Name='Button'>
<Position Units='Pixels' X='346' Y='646' />
<Size Units='Pixels' Width='100' Height='42' />
<VisualStyles>
<VisualStyle State='0' Mode='0'>
<Face Type='2D'>
<Color  R='1' G='1' B='1' A='1' />
</Face>
<Image Id='4' Alpha='1' />
<Text Id='5' FontId='1' Alignment='CenterCenter' Wrap='False'>
<Color  R='0' G='0' B='0' A='1' />
</Text>
</VisualStyle>
<VisualStyle State='1' Mode='0'>
<Face Type='2D'>
<Color  R='0.501961' G='0.501961' B='0.501961' A='1' />
</Face>
<Image Id='5' Alpha='1' />
<Text Id='5' FontId='1' Alignment='CenterCenter' Wrap='False'>
<Color  R='0' G='0' B='1' A='1' />
</Text>
</VisualStyle>
</VisualStyles>
<Bindings>
<Binding Id='68' Type='Digital' Property='State'/>
</Bindings>
<Commands>
<Command Action='TouchDown' Id='68' Type='Digital' Value='True' />
<Command Action='TouchUp' Id='68' Type='Digital' Value='False' />
</Commands>
</Control>
<Control Type='Button' Name='Button'>
<Position Units='Pixels' X='466' Y='554' />
<Size Units='Pixels' Width='100' Height='42' />
<VisualStyles>
<VisualStyle State='0' Mode='0'>
<Face Type='2D'>
<Color  R='1' G='1' B='1' A='1' />
</Face>
<Image Id='4' Alpha='1' />
<Text Id='1' FontId='1' Alignment='CenterCenter' Wrap='False'>
<Color  R='0' G='0' B='0' A='1' />
</Text>
</VisualStyle>
<VisualStyle State='1' Mode='0'>
<Face Type='2D'>
<Color  R='0.501961' G='0.501961' B='0.501961' A='1' />
</Face>
<Image Id='5' Alpha='1' />
<Text Id='1' FontId='1' Alignment='CenterCenter' Wrap='False'>
<Color  R='0' G='0' B='1' A='1' />
</Text>
</VisualStyle>
</VisualStyles>
<Bindings>
<Binding Id='71' Type='Digital' Property='State'/>
</Bindings>
<Commands>
<Command Action='TouchDown' Id='71' Type='Digital' Value='True' />
<Command Action='TouchUp' Id='71' Type='Digital' Value='False' />
</Commands>
</Control>
<Control Type='Button' Name='Button'>
<Position Units='Pixels' X='572' Y='554' />
<Size Units='Pixels' Width='100' Height='42' />
<VisualStyles>
<VisualStyle State='0' Mode='0'>
<Face Type='2D'>
<Color  R='1' G='1' B='1' A='1' />
</Face>
<Image Id='4' Alpha='1' />
<Text Id='2' FontId='1' Alignment='CenterCenter' Wrap='False'>
<Color  R='0' G='0' B='0' A='1' />
</Text>
</VisualStyle>
<VisualStyle State='1' Mode='0'>
<Face Type='2D'>
<Color  R='0.501961' G='0.501961' B='0.501961' A='1' />
</Face>
<Image Id='5' Alpha='1' />
<Text Id='2' FontId='1' Alignment='CenterCenter' Wrap='False'>
<Color  R='0' G='0' B='1' A='1' />
</Text>
</VisualStyle>
</VisualStyles>
<Bindings>
<Binding Id='72' Type='Digital' Property='State'/>
</Bindings>
<Commands>
<Command Action='TouchDown' Id='72' Type='Digital' Value='True' />
<Command Action='TouchUp' Id='72' Type='Digital' Value='False' />
</Commands>
</Control>
<Control Type='Button' Name='Button'>
<Position Units='Pixels' X='520' Y='600' />
<Size Units='Pixels' Width='100' Height='42' />
<VisualStyles>
<VisualStyle State='0' Mode='0'>
<Face Type='2D'>
<Color  R='1' G='1' B='1' A='1' />
</Face>
<Image Id='4' Alpha='1' />
<Text Id='3' FontId='1' Alignment='CenterCenter' Wrap='False'>
<Color  R='0' G='0' B='0' A='1' />
</Text>
</VisualStyle>
<VisualStyle State='1' Mode='0'>
<Face Type='2D'>
<Color  R='0.501961' G='0.501961' B='0.501961' A='1' />
</Face>
<Image Id='5' Alpha='1' />
<Text Id='3' FontId='1' Alignment='CenterCenter' Wrap='False'>
<Color  R='0' G='0' B='1' A='1' />
</Text>
</VisualStyle>
</VisualStyles>
<Bindings>
<Binding Id='74' Type='Digital' Property='State'/>
</Bindings>
<Commands>
<Command Action='TouchDown' Id='74' Type='Digital' Value='True' />
<Command Action='TouchUp' Id='74' Type='Digital' Value='False' />
</Commands>
</Control>
<Control Type='Button' Name='Button'>
<Position Units='Pixels' X='468' Y='646' />
<Size Units='Pixels' Width='100' Height='42' />
<VisualStyles>
<VisualStyle State='0' Mode='0'>
<Face Type='2D'>
<Color  R='1' G='1' B='1' A='1' />
</Face>
<Image Id='4' Alpha='1' />
<Text Id='4' FontId='1' Alignment='CenterCenter' Wrap='False'>
<Color  R='0' G='0' B='0' A='1' />
</Text>
</VisualStyle>
<VisualStyle State='1' Mode='0'>
<Face Type='2D'>
<Color  R='0.501961' G='0.501961' B='0.501961' A='1' />
</Face>
<Image Id='5' Alpha='1' />
<Text Id='4' FontId='1' Alignment='CenterCenter' Wrap='False'>
<Color  R='0' G='0' B='1' A='1' />
</Text>
</VisualStyle>
</VisualStyles>
<Bindings>
<Binding Id='77' Type='Digital' Property='State'/>
</Bindings>
<Commands>
<Command Action='TouchDown' Id='77' Type='Digital' Value='True' />
<Command Action='TouchUp' Id='77' Type='Digital' Value='False' />
</Commands>
</Control>
<Control Type='Button' Name='Button'>
<Position Units='Pixels' X='572' Y='646' />
<Size Units='Pixels' Width='100' Height='42' />
<VisualStyles>
<VisualStyle State='0' Mode='0'>
<Face Type='2D'>
<Color  R='1' G='1' B='1' A='1' />
</Face>
<Image Id='4' Alpha='1' />
<Text Id='5' FontId='1' Alignment='CenterCenter' Wrap='False'>
<Color  R='0' G='0' B='0' A='1' />
</Text>
</VisualStyle>
<VisualStyle State='1' Mode='0'>
<Face Type='2D'>
<Color  R='0.501961' G='0.501961' B='0.501961' A='1' />
</Face>
<Image Id='5' Alpha='1' />
<Text Id='5' FontId='1' Alignment='CenterCenter' Wrap='False'>
<Color  R='0' G='0' B='1' A='1' />
</Text>
</VisualStyle>
</VisualStyles>
<Bindings>
<Binding Id='78' Type='Digital' Property='State'/>
</Bindings>
<Commands>
<Command Action='TouchDown' Id='78' Type='Digital' Value='True' />
<Command Action='TouchUp' Id='78' Type='Digital' Value='False' />
</Commands>
</Control>
<Control Type='Button' Name='Button'>
<Position Units='Pixels' X='690' Y='554' />
<Size Units='Pixels' Width='100' Height='42' />
<VisualStyles>
<VisualStyle State='0' Mode='0'>
<Face Type='2D'>
<Color  R='1' G='1' B='1' A='1' />
</Face>
<Image Id='4' Alpha='1' />
<Text Id='1' FontId='1' Alignment='CenterCenter' Wrap='False'>
<Color  R='0' G='0' B='0' A='1' />
</Text>
</VisualStyle>
<VisualStyle State='1' Mode='0'>
<Face Type='2D'>
<Color  R='0.501961' G='0.501961' B='0.501961' A='1' />
</Face>
<Image Id='5' Alpha='1' />
<Text Id='1' FontId='1' Alignment='CenterCenter' Wrap='False'>
<Color  R='0' G='0' B='1' A='1' />
</Text>
</VisualStyle>
</VisualStyles>
<Bindings>
<Binding Id='81' Type='Digital' Property='State'/>
</Bindings>
<Commands>
<Command Action='TouchDown' Id='81' Type='Digital' Value='True' />
<Command Action='TouchUp' Id='81' Type='Digital' Value='False' />
</Commands>
</Control>
<Control Type='Button' Name='Button'>
<Position Units='Pixels' X='796' Y='554' />
<Size Units='Pixels' Width='100' Height='42' />
<VisualStyles>
<VisualStyle State='0' Mode='0'>
<Face Type='2D'>
<Color  R='1' G='1' B='1' A='1' />
</Face>
<Image Id='4' Alpha='1' />
<Text Id='2' FontId='1' Alignment='CenterCenter' Wrap='False'>
<Color  R='0' G='0' B='0' A='1' />
</Text>
</VisualStyle>
<VisualStyle State='1' Mode='0'>
<Face Type='2D'>
<Color  R='0.501961' G='0.501961' B='0.501961' A='1' />
</Face>
<Image Id='5' Alpha='1' />
<Text Id='2' FontId='1' Alignment='CenterCenter' Wrap='False'>
<Color  R='0' G='0' B='1' A='1' />
</Text>
</VisualStyle>
</VisualStyles>
<Bindings>
<Binding Id='82' Type='Digital' Property='State'/>
</Bindings>
<Commands>
<Command Action='TouchDown' Id='82' Type='Digital' Value='True' />
<Command Action='TouchUp' Id='82' Type='Digital' Value='False' />
</Commands>
</Control>
<Control Type='Button' Name='Button'>
<Position Units='Pixels' X='744' Y='600' />
<Size Units='Pixels' Width='100' Height='42' />
<VisualStyles>
<VisualStyle State='0' Mode='0'>
<Face Type='2D'>
<Color  R='1' G='1' B='1' A='1' />
</Face>
<Image Id='4' Alpha='1' />
<Text Id='3' FontId='1' Alignment='CenterCenter' Wrap='False'>
<Color  R='0' G='0' B='0' A='1' />
</Text>
</VisualStyle>
<VisualStyle State='1' Mode='0'>
<Face Type='2D'>
<Color  R='0.501961' G='0.501961' B='0.501961' A='1' />
</Face>
<Image Id='5' Alpha='1' />
<Text Id='3' FontId='1' Alignment='CenterCenter' Wrap='False'>
<Color  R='0' G='0' B='1' A='1' />
</Text>
</VisualStyle>
</VisualStyles>
<Bindings>
<Binding Id='84' Type='Digital' Property='State'/>
</Bindings>
<Commands>
<Command Action='TouchDown' Id='84' Type='Digital' Value='True' />
<Command Action='TouchUp' Id='84' Type='Digital' Value='False' />
</Commands>
</Control>
<Control Type='Button' Name='Button'>
<Position Units='Pixels' X='692' Y='646' />
<Size Units='Pixels' Width='100' Height='42' />
<VisualStyles>
<VisualStyle State='0' Mode='0'>
<Face Type='2D'>
<Color  R='1' G='1' B='1' A='1' />
</Face>
<Image Id='4' Alpha='1' />
<Text Id='4' FontId='1' Alignment='CenterCenter' Wrap='False'>
<Color  R='0' G='0' B='0' A='1' />
</Text>
</VisualStyle>
<VisualStyle State='1' Mode='0'>
<Face Type='2D'>
<Color  R='0.501961' G='0.501961' B='0.501961' A='1' />
</Face>
<Image Id='5' Alpha='1' />
<Text Id='4' FontId='1' Alignment='CenterCenter' Wrap='False'>
<Color  R='0' G='0' B='1' A='1' />
</Text>
</VisualStyle>
</VisualStyles>
<Bindings>
<Binding Id='87' Type='Digital' Property='State'/>
</Bindings>
<Commands>
<Command Action='TouchDown' Id='87' Type='Digital' Value='True' />
<Command Action='TouchUp' Id='87' Type='Digital' Value='False' />
</Commands>
</Control>
<Control Type='Button' Name='Button'>
<Position Units='Pixels' X='796' Y='646' />
<Size Units='Pixels' Width='100' Height='42' />
<VisualStyles>
<VisualStyle State='0' Mode='0'>
<Face Type='2D'>
<Color  R='1' G='1' B='1' A='1' />
</Face>
<Image Id='4' Alpha='1' />
<Text Id='5' FontId='1' Alignment='CenterCenter' Wrap='False'>
<Color  R='0' G='0' B='0' A='1' />
</Text>
</VisualStyle>
<VisualStyle State='1' Mode='0'>
<Face Type='2D'>
<Color  R='0.501961' G='0.501961' B='0.501961' A='1' />
</Face>
<Image Id='5' Alpha='1' />
<Text Id='5' FontId='1' Alignment='CenterCenter' Wrap='False'>
<Color  R='0' G='0' B='1' A='1' />
</Text>
</VisualStyle>
</VisualStyles>
<Bindings>
<Binding Id='88' Type='Digital' Property='State'/>
</Bindings>
<Commands>
<Command Action='TouchDown' Id='88' Type='Digital' Value='True' />
<Command Action='TouchUp' Id='88' Type='Digital' Value='False' />
</Commands>
</Control>
<Control Type='Button' Name='Animation' KeyClick='False'>
<Position Units='Pixels' X='282' Y='444' />
<Size Units='Pixels' Width='126' Height='105' />
<VisualStyles>
<VisualStyle  Mode='0' State='0'>
<Image Id='1' Alpha='1' />
</VisualStyle>
<VisualStyle  Mode='1' State='0'>
<Image Id='2' Alpha='1' />
</VisualStyle>
<VisualStyle  Mode='2' State='0'>
<Image Id='3' Alpha='1' />
</VisualStyle>
</VisualStyles>
<Bindings>
<Binding Id='61' Type='Analog' Property='Mode'/>
</Bindings>
</Control>
<Control Type='Button' Name='Animation' KeyClick='False'>
<Position Units='Pixels' X='506' Y='445' />
<Size Units='Pixels' Width='126' Height='105' />
<VisualStyles>
<VisualStyle  Mode='0' State='0'>
<Image Id='1' Alpha='1' />
</VisualStyle>
<VisualStyle  Mode='1' State='0'>
<Image Id='2' Alpha='1' />
</VisualStyle>
<VisualStyle  Mode='2' State='0'>
<Image Id='3' Alpha='1' />
</VisualStyle>
</VisualStyles>
<Bindings>
<Binding Id='71' Type='Analog' Property='Mode'/>
</Bindings>
</Control>
<Control Type='Button' Name='Animation' KeyClick='False'>
<Position Units='Pixels' X='730' Y='444' />
<Size Units='Pixels' Width='126' Height='105' />
<VisualStyles>
<VisualStyle  Mode='0' State='0'>
<Image Id='1' Alpha='1' />
</VisualStyle>
<VisualStyle  Mode='1' State='0'>
<Image Id='2' Alpha='1' />
</VisualStyle>
<VisualStyle  Mode='2' State='0'>
<Image Id='3' Alpha='1' />
</VisualStyle>
</VisualStyles>
<Bindings>
<Binding Id='81' Type='Analog' Property='Mode'/>
</Bindings>
</Control>
<Control Type='Button' Name='Button'>
<Position Units='Pixels' X='917' Y='148' />
<Size Units='Pixels' Width='100' Height='42' />
<VisualStyles>
<VisualStyle State='0' Mode='0'>
<Face Type='2D'>
<Color  R='1' G='1' B='1' A='1' />
</Face>
<Image Id='4' Alpha='1' />
<Text Id='1' FontId='1' Alignment='CenterCenter' Wrap='False'>
<Color  R='0' G='0' B='0' A='1' />
</Text>
</VisualStyle>
<VisualStyle State='1' Mode='0'>
<Face Type='2D'>
<Color  R='0.501961' G='0.501961' B='0.501961' A='1' />
</Face>
<Image Id='5' Alpha='1' />
<Text Id='1' FontId='1' Alignment='CenterCenter' Wrap='False'>
<Color  R='0' G='0' B='1' A='1' />
</Text>
</VisualStyle>
</VisualStyles>
<Bindings>
<Binding Id='1' Type='Digital' Property='State'/>
</Bindings>
<Commands>
<Command Action='TouchDown' Id='1' Type='Digital' Value='True' />
<Command Action='TouchUp' Id='1' Type='Digital' Value='False' />
</Commands>
</Control>
<Control Type='Button' Name='Button'>
<Position Units='Pixels' X='917' Y='195' />
<Size Units='Pixels' Width='100' Height='42' />
<VisualStyles>
<VisualStyle State='0' Mode='0'>
<Face Type='2D'>
<Color  R='1' G='1' B='1' A='1' />
</Face>
<Image Id='4' Alpha='1' />
<Text Id='2' FontId='1' Alignment='CenterCenter' Wrap='False'>
<Color  R='0' G='0' B='0' A='1' />
</Text>
</VisualStyle>
<VisualStyle State='1' Mode='0'>
<Face Type='2D'>
<Color  R='0.501961' G='0.501961' B='0.501961' A='1' />
</Face>
<Image Id='5' Alpha='1' />
<Text Id='2' FontId='1' Alignment='CenterCenter' Wrap='False'>
<Color  R='0' G='0' B='1' A='1' />
</Text>
</VisualStyle>
</VisualStyles>
<Bindings>
<Binding Id='2' Type='Digital' Property='State'/>
</Bindings>
<Commands>
<Command Action='TouchDown' Id='2' Type='Digital' Value='True' />
<Command Action='TouchUp' Id='2' Type='Digital' Value='False' />
</Commands>
</Control>
<Control Type='Button' Name='Button'>
<Position Units='Pixels' X='917' Y='243' />
<Size Units='Pixels' Width='100' Height='42' />
<VisualStyles>
<VisualStyle State='0' Mode='0'>
<Face Type='2D'>
<Color  R='1' G='1' B='1' A='1' />
</Face>
<Image Id='4' Alpha='1' />
<Text Id='3' FontId='1' Alignment='CenterCenter' Wrap='False'>
<Color  R='0' G='0' B='0' A='1' />
</Text>
</VisualStyle>
<VisualStyle State='1' Mode='0'>
<Face Type='2D'>
<Color  R='0.501961' G='0.501961' B='0.501961' A='1' />
</Face>
<Image Id='5' Alpha='1' />
<Text Id='3' FontId='1' Alignment='CenterCenter' Wrap='False'>
<Color  R='0' G='0' B='1' A='1' />
</Text>
</VisualStyle>
</VisualStyles>
<Bindings>
<Binding Id='3' Type='Digital' Property='State'/>
</Bindings>
<Commands>
<Command Action='TouchDown' Id='3' Type='Digital' Value='True' />
<Command Action='TouchUp' Id='3' Type='Digital' Value='False' />
</Commands>
</Control>
<Control Type='Button' Name='Button'>
<Position Units='Pixels' X='917' Y='291' />
<Size Units='Pixels' Width='100' Height='42' />
<VisualStyles>
<VisualStyle State='0' Mode='0'>
<Face Type='2D'>
<Color  R='1' G='1' B='1' A='1' />
</Face>
<Image Id='4' Alpha='1' />
<Text Id='4' FontId='1' Alignment='CenterCenter' Wrap='False'>
<Color  R='0' G='0' B='0' A='1' />
</Text>
</VisualStyle>
<VisualStyle State='1' Mode='0'>
<Face Type='2D'>
<Color  R='0.501961' G='0.501961' B='0.501961' A='1' />
</Face>
<Image Id='5' Alpha='1' />
<Text Id='4' FontId='1' Alignment='CenterCenter' Wrap='False'>
<Color  R='0' G='0' B='1' A='1' />
</Text>
</VisualStyle>
</VisualStyles>
<Bindings>
<Binding Id='6' Type='Digital' Property='State'/>
</Bindings>
<Commands>
<Command Action='TouchDown' Id='6' Type='Digital' Value='True' />
<Command Action='TouchUp' Id='6' Type='Digital' Value='False' />
</Commands>
</Control>
<Control Type='Button' Name='Text'>
<Position Units='Pixels' X='921' Y='113' />
<Size Units='Pixels' Width='91' Height='29' />
<VisualStyles>
<VisualStyle State='0' Mode='0'>
<Text Id='6' FontId='2' Alignment='CenterCenter' Wrap='False'>
<Color  R='0' G='0' B='0' A='1' />
</Text>
</VisualStyle>
</VisualStyles>
</Control>
<Control Type='Button' Name='Button'>
<Position Units='Pixels' X='49' Y='108' />
<Size Units='Pixels' Width='126' Height='125' />
<VisualStyles>
<VisualStyle State='0' Mode='0'>
<Face Type='2D'>
<Color  R='1' G='1' B='1' A='0' />
</Face>
<Text Id='7' FontId='3' Alignment='TopLeft' Wrap='False'>
<Color  R='0' G='0' B='0' A='1' />
</Text>
</VisualStyle>
<VisualStyle State='1' Mode='0'>
<Face Type='2D'>
<Color  R='1' G='1' B='1' A='0' />
</Face>
<Text Id='7' FontId='3' Alignment='TopLeft' Wrap='False'>
<Color  R='0' G='0' B='0' A='1' />
</Text>
</VisualStyle>
</VisualStyles>
<Bindings>
<Binding Id='13' Type='Digital' Property='State'/>
</Bindings>
<Commands>
<Command Action='TouchDown' Id='13' Type='Digital' Value='True' />
<Command Action='TouchUp' Id='13' Type='Digital' Value='False' />
</Commands>
</Control>
<Control Type='Button' Name='Button'>
<Position Units='Pixels' X='282' Y='108' />
<Size Units='Pixels' Width='126' Height='125' />
<VisualStyles>
<VisualStyle State='0' Mode='0'>
<Face Type='2D'>
<Color  R='1' G='1' B='1' A='0' />
</Face>
<Text Id='8' FontId='3' Alignment='TopLeft' Wrap='False'>
<Color  R='0' G='0' B='0' A='1' />
</Text>
</VisualStyle>
<VisualStyle State='1' Mode='0'>
<Face Type='2D'>
<Color  R='1' G='1' B='1' A='0' />
</Face>
<Text Id='8' FontId='3' Alignment='TopLeft' Wrap='False'>
<Color  R='0' G='0' B='0' A='1' />
</Text>
</VisualStyle>
</VisualStyles>
<Bindings>
<Binding Id='23' Type='Digital' Property='State'/>
</Bindings>
<Commands>
<Command Action='TouchDown' Id='23' Type='Digital' Value='True' />
<Command Action='TouchUp' Id='23' Type='Digital' Value='False' />
</Commands>
</Control>
<Control Type='Button' Name='Button'>
<Position Units='Pixels' X='508' Y='108' />
<Size Units='Pixels' Width='126' Height='125' />
<VisualStyles>
<VisualStyle State='0' Mode='0'>
<Face Type='2D'>
<Color  R='1' G='1' B='1' A='0' />
</Face>
<Text Id='9' FontId='3' Alignment='TopLeft' Wrap='False'>
<Color  R='0' G='0' B='0' A='1' />
</Text>
</VisualStyle>
<VisualStyle State='1' Mode='0'>
<Face Type='2D'>
<Color  R='1' G='1' B='1' A='0' />
</Face>
<Text Id='9' FontId='3' Alignment='TopLeft' Wrap='False'>
<Color  R='0' G='0' B='0' A='1' />
</Text>
</VisualStyle>
</VisualStyles>
<Bindings>
<Binding Id='33' Type='Digital' Property='State'/>
</Bindings>
<Commands>
<Command Action='TouchDown' Id='33' Type='Digital' Value='True' />
<Command Action='TouchUp' Id='33' Type='Digital' Value='False' />
</Commands>
</Control>
<Control Type='Button' Name='Button'>
<Position Units='Pixels' X='730' Y='108' />
<Size Units='Pixels' Width='126' Height='125' />
<VisualStyles>
<VisualStyle State='0' Mode='0'>
<Face Type='2D'>
<Color  R='1' G='1' B='1' A='0' />
</Face>
<Text Id='10' FontId='3' Alignment='TopLeft' Wrap='False'>
<Color  R='0' G='0' B='0' A='1' />
</Text>
</VisualStyle>
<VisualStyle State='1' Mode='0'>
<Face Type='2D'>
<Color  R='1' G='1' B='1' A='0' />
</Face>
<Text Id='10' FontId='3' Alignment='TopLeft' Wrap='False'>
<Color  R='0' G='0' B='0' A='1' />
</Text>
</VisualStyle>
</VisualStyles>
<Bindings>
<Binding Id='43' Type='Digital' Property='State'/>
</Bindings>
<Commands>
<Command Action='TouchDown' Id='43' Type='Digital' Value='True' />
<Command Action='TouchUp' Id='43' Type='Digital' Value='False' />
</Commands>
</Control>
<Control Type='Button' Name='Button'>
<Position Units='Pixels' X='730' Y='424' />
<Size Units='Pixels' Width='126' Height='125' />
<VisualStyles>
<VisualStyle State='0' Mode='0'>
<Face Type='2D'>
<Color  R='1' G='1' B='1' A='0' />
</Face>
<Text Id='11' FontId='3' Alignment='TopLeft' Wrap='False'>
<Color  R='0' G='0' B='0' A='1' />
</Text>
</VisualStyle>
<VisualStyle State='1' Mode='0'>
<Face Type='2D'>
<Color  R='1' G='1' B='1' A='0' />
</Face>
<Text Id='11' FontId='3' Alignment='TopLeft' Wrap='False'>
<Color  R='0' G='0' B='0' A='1' />
</Text>
</VisualStyle>
</VisualStyles>
<Bindings>
<Binding Id='83' Type='Digital' Property='State'/>
</Bindings>
<Commands>
<Command Action='TouchDown' Id='83' Type='Digital' Value='True' />
<Command Action='TouchUp' Id='83' Type='Digital' Value='False' />
</Commands>
</Control>
<Control Type='Button' Name='Button'>
<Position Units='Pixels' X='506' Y='425' />
<Size Units='Pixels' Width='126' Height='125' />
<VisualStyles>
<VisualStyle State='0' Mode='0'>
<Face Type='2D'>
<Color  R='1' G='1' B='1' A='0' />
</Face>
<Text Id='12' FontId='3' Alignment='TopLeft' Wrap='False'>
<Color  R='0' G='0' B='0' A='1' />
</Text>
</VisualStyle>
<VisualStyle State='1' Mode='0'>
<Face Type='2D'>
<Color  R='1' G='1' B='1' A='0' />
</Face>
<Text Id='12' FontId='3' Alignment='TopLeft' Wrap='False'>
<Color  R='0' G='0' B='0' A='1' />
</Text>
</VisualStyle>
</VisualStyles>
<Bindings>
<Binding Id='73' Type='Digital' Property='State'/>
</Bindings>
<Commands>
<Command Action='TouchDown' Id='73' Type='Digital' Value='True' />
<Command Action='TouchUp' Id='73' Type='Digital' Value='False' />
</Commands>
</Control>
<Control Type='Button' Name='Button'>
<Position Units='Pixels' X='282' Y='424' />
<Size Units='Pixels' Width='126' Height='125' />
<VisualStyles>
<VisualStyle State='0' Mode='0'>
<Face Type='2D'>
<Color  R='1' G='1' B='1' A='0' />
</Face>
<Text Id='13' FontId='3' Alignment='TopLeft' Wrap='False'>
<Color  R='0' G='0' B='0' A='1' />
</Text>
</VisualStyle>
<VisualStyle State='1' Mode='0'>
<Face Type='2D'>
<Color  R='1' G='1' B='1' A='0' />
</Face>
<Text Id='13' FontId='3' Alignment='TopLeft' Wrap='False'>
<Color  R='0' G='0' B='0' A='1' />
</Text>
</VisualStyle>
</VisualStyles>
<Bindings>
<Binding Id='63' Type='Digital' Property='State'/>
</Bindings>
<Commands>
<Command Action='TouchDown' Id='63' Type='Digital' Value='True' />
<Command Action='TouchUp' Id='63' Type='Digital' Value='False' />
</Commands>
</Control>
<Control Type='Button' Name='Button'>
<Position Units='Pixels' X='49' Y='424' />
<Size Units='Pixels' Width='126' Height='125' />
<VisualStyles>
<VisualStyle State='0' Mode='0'>
<Face Type='2D'>
<Color  R='1' G='1' B='1' A='0' />
</Face>
<Text Id='14' FontId='3' Alignment='TopLeft' Wrap='False'>
<Color  R='0' G='0' B='0' A='1' />
</Text>
</VisualStyle>
<VisualStyle State='1' Mode='0'>
<Face Type='2D'>
<Color  R='1' G='1' B='1' A='0' />
</Face>
<Text Id='14' FontId='3' Alignment='TopLeft' Wrap='False'>
<Color  R='0' G='0' B='0' A='1' />
</Text>
</VisualStyle>
</VisualStyles>
<Bindings>
<Binding Id='53' Type='Digital' Property='State'/>
</Bindings>
<Commands>
<Command Action='TouchDown' Id='53' Type='Digital' Value='True' />
<Command Action='TouchUp' Id='53' Type='Digital' Value='False' />
</Commands>
</Control>
<Control Type='Button' Name='Button'>
<Position Units='Pixels' X='236' Y='26' />
<Size Units='Pixels' Width='140' Height='52' />
<VisualStyles>
<VisualStyle State='0' Mode='0'>
<Face Type='2D'>
<Color  R='1' G='1' B='1' A='1' />
</Face>
<Image Id='6' Alpha='1' />
<Text Id='15' FontId='4' Alignment='CenterCenter' Wrap='False'>
<Color  R='0' G='0' B='1' A='1' />
</Text>
</VisualStyle>
<VisualStyle State='1' Mode='0'>
<Face Type='2D'>
<Color  R='0.501961' G='0.501961' B='0.501961' A='1' />
</Face>
<Image Id='6' Alpha='1' />
<Text Id='15' FontId='4' Alignment='CenterCenter' Wrap='False'>
<Color  R='0' G='0' B='0' A='1' />
</Text>
</VisualStyle>
</VisualStyles>
</Control>
<Control Type='Button' Name='Button'>
<Position Units='Pixels' X='387' Y='26' />
<Size Units='Pixels' Width='140' Height='52' />
<VisualStyles>
<VisualStyle State='0' Mode='0'>
<Face Type='2D'>
<Color  R='1' G='1' B='1' A='1' />
</Face>
<Image Id='7' Alpha='1' />
<Text Id='16' FontId='4' Alignment='CenterCenter' Wrap='False'>
<Color  R='0' G='0' B='0' A='1' />
</Text>
</VisualStyle>
<VisualStyle State='1' Mode='0'>
<Face Type='2D'>
<Color  R='0.501961' G='0.501961' B='0.501961' A='1' />
</Face>
<Image Id='6' Alpha='1' />
<Text Id='16' FontId='4' Alignment='CenterCenter' Wrap='False'>
<Color  R='0' G='0' B='0' A='1' />
</Text>
</VisualStyle>
</VisualStyles>
<Commands>
<Command Action='TouchDown' PageFlip='PCI #2' />
</Commands>
</Control>
<Control Type='Button' Name='Button'>
<Position Units='Pixels' X='536' Y='26' />
<Size Units='Pixels' Width='140' Height='52' />
<VisualStyles>
<VisualStyle State='0' Mode='0'>
<Face Type='2D'>
<Color  R='1' G='1' B='1' A='1' />
</Face>
<Image Id='7' Alpha='1' />
<Text Id='17' FontId='4' Alignment='CenterCenter' Wrap='False'>
<Color  R='0' G='0' B='0' A='1' />
</Text>
</VisualStyle>
<VisualStyle State='1' Mode='0'>
<Face Type='2D'>
<Color  R='0.501961' G='0.501961' B='0.501961' A='1' />
</Face>
<Image Id='6' Alpha='1' />
<Text Id='17' FontId='4' Alignment='CenterCenter' Wrap='False'>
<Color  R='0' G='0' B='0' A='1' />
</Text>
</VisualStyle>
</VisualStyles>
<Commands>
<Command Action='TouchDown' PageFlip='PCI #3' />
</Commands>
</Control>
<Control Type='Button' Name='Button'>
<Position Units='Pixels' X='917' Y='387' />
<Size Units='Pixels' Width='100' Height='42' />
<VisualStyles>
<VisualStyle State='0' Mode='0'>
<Face Type='2D'>
<Color  R='1' G='1' B='1' A='1' />
</Face>
<Image Id='4' Alpha='1' />
<Text Id='18' FontId='1' Alignment='CenterCenter' Wrap='False'>
<Color  R='0' G='0' B='0' A='1' />
</Text>
</VisualStyle>
<VisualStyle State='1' Mode='0'>
<Face Type='2D'>
<Color  R='0.501961' G='0.501961' B='0.501961' A='1' />
</Face>
<Image Id='5' Alpha='1' />
<Text Id='18' FontId='1' Alignment='CenterCenter' Wrap='False'>
<Color  R='0' G='0' B='1' A='1' />
</Text>
</VisualStyle>
</VisualStyles>
<Bindings>
<Binding Id='8' Type='Digital' Property='State'/>
</Bindings>
<Commands>
<Command Action='TouchDown' Id='8' Type='Digital' Value='True' />
<Command Action='TouchUp' Id='8' Type='Digital' Value='False' />
</Commands>
</Control>
<Control Type='Button' Name='Button'>
<Position Units='Pixels' X='917' Y='339' />
<Size Units='Pixels' Width='100' Height='42' />
<VisualStyles>
<VisualStyle State='0' Mode='0'>
<Face Type='2D'>
<Color  R='1' G='1' B='1' A='1' />
</Face>
<Image Id='4' Alpha='1' />
<Text Id='19' FontId='1' Alignment='CenterCenter' Wrap='False'>
<Color  R='0' G='0' B='0' A='1' />
</Text>
</VisualStyle>
<VisualStyle State='1' Mode='0'>
<Face Type='2D'>
<Color  R='0.501961' G='0.501961' B='0.501961' A='1' />
</Face>
<Image Id='5' Alpha='1' />
<Text Id='19' FontId='1' Alignment='CenterCenter' Wrap='False'>
<Color  R='0' G='0' B='1' A='1' />
</Text>
</VisualStyle>
</VisualStyles>
<Bindings>
<Binding Id='7' Type='Digital' Property='State'/>
</Bindings>
<Commands>
<Command Action='TouchDown' Id='7' Type='Digital' Value='True' />
<Command Action='TouchUp' Id='7' Type='Digital' Value='False' />
</Commands>
</Control>
</Control>
</File>
